,feed_blend_cluster_id,controllables_cluster_id,IRON_FEED_PERC_mean_historical_actuals,SILICA_FEED_PERC_mean_historical_actuals,STARCH_FLOW_mean_historical_actuals,AMINA_FLOW_mean_historical_actuals,ORE_PULP_FLOW_mean_historical_actuals,ORE_PULP_PH_mean_historical_actuals,ORE_PULP_DENSITY_mean_historical_actuals,FLOTATION_COLUMN_01_AIR_FLOW_mean_historical_actuals,FLOTATION_COLUMN_02_AIR_FLOW_mean_historical_actuals,FLOTATION_COLUMN_03_AIR_FLOW_mean_historical_actuals,FLOTATION_COLUMN_04_AIR_FLOW_mean_historical_actuals,FLOTATION_COLUMN_05_AIR_FLOW_mean_historical_actuals,FLOTATION_COLUMN_06_AIR_FLOW_mean_historical_actuals,FLOTATION_COLUMN_07_AIR_FLOW_mean_historical_actuals,FLOTATION_COLUMN_01_LEVEL_mean_historical_actuals,FLOTATION_COLUMN_02_LEVEL_mean_historical_actuals,FLOTATION_COLUMN_03_LEVEL_mean_historical_actuals,FLOTATION_COLUMN_04_LEVEL_mean_historical_actuals,FLOTATION_COLUMN_05_LEVEL_mean_historical_actuals,FLOTATION_COLUMN_06_LEVEL_mean_historical_actuals,FLOTATION_COLUMN_07_LEVEL_mean_historical_actuals,FLOTATION_COLUMN_01_AIR_FLOW_mean_simulations,FLOTATION_COLUMN_02_AIR_FLOW_mean_simulations,FLOTATION_COLUMN_03_AIR_FLOW_mean_simulations,FLOTATION_COLUMN_04_AIR_FLOW_mean_simulations,FLOTATION_COLUMN_05_AIR_FLOW_mean_simulations,FLOTATION_COLUMN_06_AIR_FLOW_mean_simulations,FLOTATION_COLUMN_07_AIR_FLOW_mean_simulations,FLOTATION_COLUMN_01_LEVEL_mean_simulations,FLOTATION_COLUMN_02_LEVEL_mean_simulations,FLOTATION_COLUMN_03_LEVEL_mean_simulations,FLOTATION_COLUMN_04_LEVEL_mean_simulations,FLOTATION_COLUMN_05_LEVEL_mean_simulations,FLOTATION_COLUMN_06_LEVEL_mean_simulations,FLOTATION_COLUMN_07_LEVEL_mean_simulations,IRON_CONCENTRATE_PERC_mean_simulated_predictions,SILICA_CONCENTRATE_PERC_mean_simulated_predictions,IRON_AND_SILICA_CONCENTRATE_PERC_mean_simulated_predictions,IRON_CONCENTRATE_PERC_mean_historical_predictions,SILICA_CONCENTRATE_PERC_mean_historical_predictions,IRON_CONCENTRATE_PERC_mean_historical_actuals,SILICA_CONCENTRATE_PERC_mean_historical_actuals
0,0.0,57.0,59.57580128205128,10.531193910256409,2798.7327099529602,462.9774110344784,399.61551070891596,9.774383754384827,1.649000009649296,290.0229338519409,282.33655574474716,291.93198841257123,299.9189850389158,299.903613320741,300.24438678774925,299.5549116809117,498.955328791565,509.70995678743833,506.30512330709286,435.2460987968458,440.710206775996,436.53284341125374,435.1752017716683,299.92505819444443,299.8613891358025,299.93719330246915,299.93534706790126,299.9375142901235,299.88100989197534,299.89632484567903,638.2831414106823,653.2201770882382,708.2916921145386,467.8221830972539,571.3227243559172,572.2673292661858,522.9020195859882,65.50856596205774,1.6957024665524019,38.63211103021259,65.24875080455475,2.315350823518676,65.29080402620599,2.0015975641223367
1,1.0,57.0,54.42044573643411,16.884137596899226,1833.198548577924,512.6245658940055,399.9132468107457,9.597668177217916,1.6981678476563624,264.31352278180805,264.82461503109243,264.1933963407561,299.97535017692985,300.4520368783207,268.63644463016794,268.48463753229976,574.5516674773155,558.9078764143211,579.1090543000137,378.44803345696,389.92900578971,393.7801046518232,390.73320740086587,299.92505819444443,299.8613891358025,299.93719330246915,299.93534706790126,299.9375142901235,299.88100989197534,299.89632484567903,638.2831414106823,653.2201770882382,708.2916921145386,467.8221830972539,571.3227243559172,572.2673292661858,522.9020195859882,65.04607672964343,2.1326319598216497,30.500376040075466,64.69404977518275,2.9242637206197197,64.35598005994235,3.271961035663401
2,2.0,57.0,54.76757352941177,16.23014705882353,3688.981003580875,443.0020423883442,400.1834975942922,9.981113520424838,1.708841261574074,270.3691382352941,268.0795013139978,270.3893087554466,299.649090506682,300.3648677491259,282.8410542824074,280.79650142973856,546.9467525706116,515.8263426438424,551.4719611505847,492.78271544117644,494.71474850898693,488.7066112540849,488.894901511438,299.92505819444443,299.8613891358025,299.93719330246915,299.93534706790126,299.9375142901235,299.88100989197534,299.89632484567903,638.2831414106823,653.2201770882382,708.2916921145386,467.8221830972539,571.3227243559172,572.2673292661858,522.9020195859882,65.65288211276696,1.116847084882734,58.78412810618593,65.5099042751244,1.4757369646718965,65.77833333333332,2.0101259468667347
3,3.0,57.0,58.86296527777778,11.972618055555555,3212.268374732319,483.4832809494406,399.954884018998,9.901839145099695,1.666004683164549,281.70448372299387,283.30453260223766,283.7690978665123,299.94012856220417,299.7774916523868,295.5474210339506,295.11206177276233,476.259512833443,470.80046747007015,488.6872158673453,395.8972080002888,393.9483042141709,399.2317462185056,395.4194695757378,299.92505819444443,299.8613891358025,299.93719330246915,299.93534706790126,299.9375142901235,299.88100989197534,299.89632484567903,638.2831414106823,653.2201770882382,708.2916921145386,467.8221830972539,571.3227243559172,572.2673292661858,522.9020195859882,65.3221871763301,1.693086715412872,38.58171384942962,65.30795427701221,2.3288609080922296,64.73533415005923,2.5607322572181195
4,4.0,27.0,60.87173611111112,9.39673611111111,2297.4839329943225,386.5192483497442,400.26387683653763,9.670170561285865,1.6083386615436113,289.91722359779135,263.4496665899562,291.3391654889166,299.92129644074276,299.80715065011987,287.3743585618205,295.92654050172746,603.4466712194627,516.920572615098,638.1737069690289,463.80893877971187,476.9334725462347,496.934348209664,462.1271912328487,299.90719072061194,299.9394324577295,299.93601545893716,299.9257096115137,299.9256629227053,299.9221200583736,300.00742312801935,401.0771367954912,403.07737584061806,415.8118539402174,449.7502528834541,450.1860603613124,580.186937354066,576.688418699678,65.57659309712278,1.5033834731238762,43.61933882435289,65.20321195284814,1.9874910633748692,64.87657407407409,2.127951388888889
5,5.0,27.0,54.39762681159421,16.54335144927536,1646.184437748996,425.464872020458,400.0290625240302,9.498617945657154,1.6322187679543771,255.42776471606106,256.7906745034452,258.2474144059821,299.8281736996705,299.7872007416309,270.99814490237526,274.8199957923951,617.8282247543569,626.2387545498832,641.4544925856579,429.13393189526977,449.9708034491894,478.26706193682645,424.69154442968363,299.90719072061194,299.9394324577295,299.93601545893716,299.9257096115137,299.9256629227053,299.9221200583736,300.00742312801935,401.0771367954912,403.07737584061806,415.8118539402174,449.7502528834541,450.1860603613124,580.186937354066,576.688418699678,65.08800444103912,1.7126004035302165,38.0053655872508,64.3910341046585,2.7811601612206953,64.72548002776065,2.5041415564906946
6,6.0,57.0,53.853125,17.97653645833333,4043.5189515357174,559.4058652407892,398.52024892490607,9.740380913072611,1.7027356114170558,292.1025270182292,291.3436781883521,292.12662025824653,299.72903028184,299.7586136717284,317.6991058304398,300.87115102394387,512.7696081431849,534.2832487685502,508.86042802703406,396.32594345926225,396.7878043034637,449.34632482435626,392.66277696121847,299.92505819444443,299.8613891358025,299.93719330246915,299.93534706790126,299.9375142901235,299.88100989197534,299.89632484567903,638.2831414106823,653.2201770882382,708.2916921145386,467.8221830972539,571.3227243559172,572.2673292661858,522.9020195859882,64.90958172849939,2.1070852830332085,30.80538896606037,64.46652792617155,2.7793234842465733,64.848091960988,2.557894105638274
7,7.0,57.0,58.02734053497942,12.813585390946502,2981.571098536572,483.1920057956401,399.34536117565955,9.760998430006962,1.669756397515697,288.7920983253315,287.4924067101052,291.2894880687014,299.9123333991375,299.80941203438886,298.5584390960791,298.74330787699097,480.3391630082527,483.8370484435525,496.4299462843514,395.6797151462147,400.74004902747777,403.1411854563601,400.0129082217648,299.92505819444443,299.8613891358025,299.93719330246915,299.93534706790126,299.9375142901235,299.88100989197534,299.89632484567903,638.2831414106823,653.2201770882382,708.2916921145386,467.8221830972539,571.3227243559172,572.2673292661858,522.9020195859882,65.24167899171258,1.7153231496333685,38.034628638724584,64.93962423544622,2.481055351438856,64.79246458868714,2.336550691902146
8,8.0,57.0,54.43866279069768,16.71283914728682,3407.798095517635,455.64793610341303,399.7646849004249,10.01387042861757,1.6912551803148939,289.3337227201766,289.2171358284884,288.80198696436264,299.91521304194447,300.01301626328444,296.84907784776055,296.8344850909776,503.27069817218603,496.3716272923678,502.9678190571642,452.05678807332043,448.79416417151157,434.5618867463394,431.54543933839363,299.92505819444443,299.8613891358025,299.93719330246915,299.93534706790126,299.9375142901235,299.88100989197534,299.89632484567903,638.2831414106823,653.2201770882382,708.2916921145386,467.8221830972539,571.3227243559172,572.2673292661858,522.9020195859882,65.67979432171876,1.159730126503058,56.633688149296844,65.47154134691645,1.7128421309949675,65.50298449612403,1.6231492248062016
9,9.0,57.0,55.87833333333333,14.238844696969698,2088.978122684298,407.8812320885603,399.9955178993041,9.64528664594912,1.6734923087687372,250.56727465484866,248.9736783444766,251.59529814938944,299.521268139265,300.2145104645876,257.9105474066316,259.8407857124135,607.0462901543107,571.3315128162468,622.3511838311264,443.7617071982855,465.8839154170895,456.1323037572567,462.4651108695769,299.92505819444443,299.8613891358025,299.93719330246915,299.93534706790126,299.9375142901235,299.88100989197534,299.89632484567903,638.2831414106823,653.2201770882382,708.2916921145386,467.8221830972539,571.3227243559172,572.2673292661858,522.9020195859882,65.51468060436312,1.3552416857524028,48.34169528071349,65.29306072066126,1.9482782909480665,65.43929423163178,1.9694077897152085
10,10.0,57.0,54.39567708333333,16.0359375,1333.0391286142399,363.47670600019035,400.7125649248572,9.308058883680555,1.5945060850439727,252.79994785879651,254.36700005787057,261.4297321469909,299.5518072631226,300.1845485637122,253.15018706597226,260.64692625104044,633.6433683431673,638.6817528065922,717.1555555573668,497.39883200832014,541.8754109519679,506.1406948865231,455.1053894169123,299.92505819444443,299.8613891358025,299.93719330246915,299.93534706790126,299.9375142901235,299.88100989197534,299.89632484567903,638.2831414106823,653.2201770882382,708.2916921145386,467.8221830972539,571.3227243559172,572.2673292661858,522.9020195859882,65.17751796151632,1.5161932542844572,42.987605819599686,64.52780328115767,2.447943646847472,65.19859375,2.15015625
11,11.0,57.0,58.202831920903954,12.622387005649717,2658.4880521565015,437.4766049168241,399.36450936565535,9.710807980982896,1.6449544994045266,288.23996129210445,270.71261546636265,288.7614399496669,299.9374294250678,299.75793688186013,291.4259353820988,294.9507363335958,538.9562284948012,549.2533807952447,553.7360507763519,457.5364328260029,461.11757963400913,460.23290598664954,464.5716879744139,299.92505819444443,299.8613891358025,299.93719330246915,299.93534706790126,299.9375142901235,299.88100989197534,299.89632484567903,638.2831414106823,653.2201770882382,708.2916921145386,467.8221830972539,571.3227243559172,572.2673292661858,522.9020195859882,65.58955045309166,1.53288596376563,42.788277799848096,65.3797214485802,2.045104713058798,65.27131002824859,2.078968926553672
12,12.0,57.0,57.66780555555556,12.84158888888889,3080.276500125379,465.0568670240601,399.44838112487,9.631226237152054,1.6741944708995373,280.7361069459877,280.51647593364197,282.55795510339505,299.84495009550307,299.897086787712,295.2591554212963,297.12931516229423,480.75840602225674,487.29345430270234,482.32011516105393,411.84565368596816,419.40623300065965,427.633069433642,416.6830630239198,299.92505819444443,299.8613891358025,299.93719330246915,299.93534706790126,299.9375142901235,299.88100989197534,299.89632484567903,638.2831414106823,653.2201770882382,708.2916921145386,467.8221830972539,571.3227243559172,572.2673292661858,522.9020195859882,65.5905196347849,1.5512873569341512,42.28134738647849,65.31901460535839,2.137973081272719,65.04730015115061,2.2557212221822156
13,13.0,57.0,56.98956101190476,13.824047619047619,3866.0335558126417,543.473661985452,399.9673043949723,10.02855940224041,1.6965622457182967,281.41561044353506,279.7456220523359,281.4479533089451,299.85096850481193,299.9089633720926,293.08206771246694,291.03994014343584,474.95066793637903,502.3180429324566,478.54400711968935,451.8779387786725,452.7948966851641,441.92374992569876,437.8842343203681,299.92505819444443,299.8613891358025,299.93719330246915,299.93534706790126,299.9375142901235,299.88100989197534,299.89632484567903,638.2831414106823,653.2201770882382,708.2916921145386,467.8221830972539,571.3227243559172,572.2673292661858,522.9020195859882,65.43246932395401,1.700302960237675,38.48282973924106,65.37395939779542,2.075047471957103,65.1186936185275,2.234146342092662
14,14.0,57.0,56.70025709219858,14.11328014184397,3597.379560455297,527.0877631780468,399.98448116470905,10.089271288317573,1.6917357657108654,286.68287312598505,286.69589364657213,287.2352423586486,299.9075791188452,299.90394110093064,289.512661660264,288.54449079984244,472.40325092628444,466.2547982812742,474.91695649621283,443.5808121337216,442.90142466424686,438.5315873504664,438.10599635188447,299.92505819444443,299.8613891358025,299.93719330246915,299.93534706790126,299.9375142901235,299.88100989197534,299.89632484567903,638.2831414106823,653.2201770882382,708.2916921145386,467.8221830972539,571.3227243559172,572.2673292661858,522.9020195859882,65.59062491686844,1.669363698765073,39.290793830840876,65.53362520057343,1.9753566428774179,65.43742589782126,1.9759761592205007
15,15.0,57.0,50.059326923076924,23.216923076923077,4354.651654753506,510.1496788258745,400.0355711439627,10.272487120132952,1.718554546316079,292.4676609904242,292.01617532694286,292.544132480611,299.9859979418922,299.71802555644587,299.337188843384,299.77108042744936,427.2129248427113,469.94877435303897,443.0360275462963,353.4237933775522,351.32643629717245,357.6794696042062,349.22482044209005,299.92505819444443,299.8613891358025,299.93719330246915,299.93534706790126,299.9375142901235,299.88100989197534,299.89632484567903,638.2831414106823,653.2201770882382,708.2916921145386,467.8221830972539,571.3227243559172,572.2673292661858,522.9020195859882,65.96194156625269,1.2712760356316497,51.88640367430403,65.79259413606424,2.065969271979778,65.89346153846154,1.9742307692307692
16,16.0,57.0,52.71287878787879,18.859621212121212,2488.8609773936087,541.6924135923372,399.9536160425665,9.664364758417507,1.7134053608915385,295.46891765572394,290.85693344907406,295.45074651725594,299.9484211228287,299.7981402582645,304.3922585753367,304.16809488636363,431.4693851704658,422.46513263888886,417.3298221856923,392.78918465909095,391.6822821624579,390.06160384858197,392.08661971296294,299.92505819444443,299.8613891358025,299.93719330246915,299.93534706790126,299.9375142901235,299.88100989197534,299.89632484567903,638.2831414106823,653.2201770882382,708.2916921145386,467.8221830972539,571.3227243559172,572.2673292661858,522.9020195859882,64.99683561686052,2.1678769109302336,29.98179245747419,64.65934680949395,2.8387077610239393,66.04280303030303,1.7660606060606059
17,17.0,57.0,55.00842069892473,15.944079301075268,1928.7631809049533,479.6550575352749,400.0589382455138,9.579636497087813,1.697193141485271,256.9570769561954,257.0198163368493,257.3446949348548,299.58820135282053,300.14753718883986,260.79646816009557,260.79746501269415,679.2553907486175,675.233783231901,682.8816729582308,409.89799134924635,422.78373787162093,443.36340215976196,427.22592311483794,299.92505819444443,299.8613891358025,299.93719330246915,299.93534706790126,299.9375142901235,299.88100989197534,299.89632484567903,638.2831414106823,653.2201770882382,708.2916921145386,467.8221830972539,571.3227243559172,572.2673292661858,522.9020195859882,65.15098353049746,1.7696516573180043,36.815710742326,64.80064338548218,2.4397320051078344,64.96917113806705,2.6038829969214192
18,18.0,57.0,59.85175675675676,10.381497747747748,2850.4698006587437,412.6664284298701,398.57413447116824,9.616437801166827,1.653176711477109,291.91929983733735,283.47473981168673,292.2888065753254,299.9132388896929,299.93388294001835,296.614312743994,300.69820642204706,555.6020957820975,545.9847488711737,559.1363361223849,468.5396511374187,474.4223602737562,476.0876585998325,467.3966153979117,299.92505819444443,299.8613891358025,299.93719330246915,299.93534706790126,299.9375142901235,299.88100989197534,299.89632484567903,638.2831414106823,653.2201770882382,708.2916921145386,467.8221830972539,571.3227243559172,572.2673292661858,522.9020195859882,65.53874755909764,1.4189077453457255,46.18957629491883,65.43232395922935,2.0320126805520897,65.77211711711712,1.6834234234234235
19,19.0,57.0,55.6947485632184,14.636206896551723,3160.2985671955767,549.4936248490319,399.11619520549976,9.615868303777559,1.6955651114622374,298.047119682525,289.15494707664243,297.95919385651825,299.8187465830964,299.80813960796684,309.3317340537197,301.57694313870263,430.50931230568744,456.4925572707629,441.6063426793379,399.7633184218049,401.6026914154947,405.7909683447385,402.166345541415,299.92505819444443,299.8613891358025,299.93719330246915,299.93534706790126,299.9375142901235,299.88100989197534,299.89632484567903,638.2831414106823,653.2201770882382,708.2916921145386,467.8221830972539,571.3227243559172,572.2673292661858,522.9020195859882,65.09419232921253,2.0527963365106614,31.710009985627455,64.69178139826549,2.7635698323282316,65.06836191491269,2.3941016736816296
20,20.0,57.0,56.64548076923077,13.428317307692309,2244.3579509857514,488.4567945896038,399.76062957623657,9.747381975827992,1.6660424187580636,271.78286038082786,258.75722074924363,272.5338285764768,300.0495038681763,299.3633964902755,283.8188200943732,283.3277975605413,561.8835406696952,574.9343878314216,578.8683606866499,411.9363290226755,431.68153202529805,438.74532179991115,417.9007884403769,299.92505819444443,299.8613891358025,299.93719330246915,299.93534706790126,299.9375142901235,299.88100989197534,299.89632484567903,638.2831414106823,653.2201770882382,708.2916921145386,467.8221830972539,571.3227243559172,572.2673292661858,522.9020195859882,65.08869995705636,1.9360194893485771,33.619857814012555,64.79924770890219,2.6698112991602385,64.54472795955331,2.738624425009587
21,21.0,57.0,54.6035587431694,16.81946038251366,3336.8859942909166,457.35113205188776,399.9711672044494,9.904234093579236,1.6773231570469986,279.5842629439891,279.1519270529751,279.5735033166363,299.92825163103413,299.9907807744553,306.2920603882058,306.94515083485123,489.16599578106457,483.2246884845797,503.5130698733937,424.280110855024,421.2160138748547,422.2893524210686,415.94378560261083,299.92505819444443,299.8613891358025,299.93719330246915,299.93534706790126,299.9375142901235,299.88100989197534,299.89632484567903,638.2831414106823,653.2201770882382,708.2916921145386,467.8221830972539,571.3227243559172,572.2673292661858,522.9020195859882,65.63439909833968,1.3763521978557818,47.68721203816252,65.38470780566537,1.849244822493106,65.19703397625466,2.1595441252528986
22,22.0,57.0,53.61629504504504,18.004245495495496,3543.8757140532152,544.7156071555177,400.0551364514172,9.9742173379004,1.695971087075251,294.9407637637638,295.49563402161897,295.93759471346345,299.9117798672428,299.86577330872916,299.93679077515014,298.0510224349349,460.69186741347164,455.60196327695223,472.37976659088764,434.9499606856857,433.1337268802253,446.69129767532866,441.43978867222484,299.92505819444443,299.8613891358025,299.93719330246915,299.93534706790126,299.9375142901235,299.88100989197534,299.89632484567903,638.2831414106823,653.2201770882382,708.2916921145386,467.8221830972539,571.3227243559172,572.2673292661858,522.9020195859882,65.19949482646426,1.813640403263943,35.9495160722749,64.96715426751523,2.2296507185012806,65.08210585585586,2.268545736124293
23,23.0,57.0,52.45310606060607,19.597632575757576,4197.196138778442,503.8518999237622,400.1351213404472,10.178062744963524,1.7039541906104778,283.4326341990507,269.12682427545127,283.53180085636455,299.94072026062497,300.10921547997356,298.8218187190189,284.9114614288136,502.2885473096365,528.6522873046156,511.69474575980536,414.03864136065516,411.38489532536005,415.528727046799,411.366384134959,299.92505819444443,299.8613891358025,299.93719330246915,299.93534706790126,299.9375142901235,299.88100989197534,299.89632484567903,638.2831414106823,653.2201770882382,708.2916921145386,467.8221830972539,571.3227243559172,572.2673292661858,522.9020195859882,65.74270839100063,1.4185928564732257,46.343605983216406,65.685870043381,1.9276305418074922,65.61857954545454,1.914753787878788
24,24.0,57.0,53.76056451612904,17.69614247311828,1768.6249664487675,498.2905922606194,400.389629275952,9.671358546949671,1.7038438033284113,270.6910112063172,270.85446204823774,271.0287169728196,299.74019174203596,300.0820515798272,272.12818224686384,272.544197171819,552.0604434044593,547.1914581513171,552.2171220099451,384.1102278034701,394.79840226824973,398.3569631495183,396.1900487045116,299.92505819444443,299.8613891358025,299.93719330246915,299.93534706790126,299.9375142901235,299.88100989197534,299.89632484567903,638.2831414106823,653.2201770882382,708.2916921145386,467.8221830972539,571.3227243559172,572.2673292661858,522.9020195859882,65.17478242134969,1.8901816665774092,34.48069758255724,65.05983411076839,2.5205381777081834,64.86991687737256,2.6495845108527383
25,25.0,57.0,56.20411764705882,14.846874999999999,3773.7165092699224,483.8308251578247,399.5645626964346,9.97882500041534,1.6936998585954663,277.26632863221676,275.60645826865465,274.8855941108388,299.84470514537094,300.0677086816298,295.61409614311003,294.0980429738562,488.5826874464676,484.2592687865428,491.48370568831695,441.3903263577142,428.0418921806917,434.58887487669153,426.67618140593345,299.92505819444443,299.8613891358025,299.93719330246915,299.93534706790126,299.9375142901235,299.88100989197534,299.89632484567903,638.2831414106823,653.2201770882382,708.2916921145386,467.8221830972539,571.3227243559172,572.2673292661858,522.9020195859882,65.46268531585616,1.3216234851333706,49.532023342676936,65.31022814981918,2.072621587958857,65.12486596944603,2.1862931720475016
26,26.0,57.0,53.23435606060607,19.104545454545455,1444.1740442369894,443.01667155088666,400.5774709180274,9.60779686026936,1.6382541086057723,275.4508032521569,273.16804668774563,275.41656834565896,299.654606276585,300.1569845701639,275.16996035809984,275.7692169300685,652.005542829815,640.1367222766194,676.9366112100493,418.86339053222764,487.5510913601882,477.00742125890736,452.9827055308682,299.92505819444443,299.8613891358025,299.93719330246915,299.93534706790126,299.9375142901235,299.88100989197534,299.89632484567903,638.2831414106823,653.2201770882382,708.2916921145386,467.8221830972539,571.3227243559172,572.2673292661858,522.9020195859882,65.14055442756161,1.6622714311315248,39.18767609644821,64.82537326881096,2.584480704055755,65.62333333333333,1.8734463912228179
27,27.0,57.0,54.57285394265233,16.55703405017921,1992.947106357709,497.0502074688379,399.74939279613375,9.617004075630513,1.723522620873379,258.02726548650713,258.80114851190825,259.3278961096224,299.45761482667626,299.967747144876,260.86986473143173,262.1401080806949,642.5134765270703,642.0829831983197,648.9108213208979,419.67168549194923,430.8546954238495,442.85145794166687,437.30330540355465,299.92505819444443,299.8613891358025,299.93719330246915,299.93534706790126,299.9375142901235,299.88100989197534,299.89632484567903,638.2831414106823,653.2201770882382,708.2916921145386,467.8221830972539,571.3227243559172,572.2673292661858,522.9020195859882,65.10101865441015,1.9670910353256057,33.09507159826704,64.63876912458203,2.736065563760782,64.7946706253343,2.667180666791382
28,28.0,57.0,57.6734477124183,11.859084967320262,2561.942073798188,475.5756442741283,399.171211995256,9.707934503524196,1.6535155192472395,296.02146509783944,283.8374791173998,296.54909499222094,299.9330267371818,299.5103506198966,306.46785966641,303.52739857769336,454.92664840640333,493.8211962795254,468.91015646446255,405.15594267924985,409.07913577339014,421.6980373536417,408.8211143221875,299.92505819444443,299.8613891358025,299.93719330246915,299.93534706790126,299.9375142901235,299.88100989197534,299.89632484567903,638.2831414106823,653.2201770882382,708.2916921145386,467.8221830972539,571.3227243559172,572.2673292661858,522.9020195859882,65.2460767796123,1.738311728827603,37.534163578138674,64.83348921132605,2.4962518491581362,65.0283455882353,2.086664640784294
29,29.0,57.0,51.67083333333333,20.883391666666668,3290.198423945582,557.1285855525967,399.75398570105176,9.921520079820471,1.6958357112010156,299.9249499788806,296.74146368799416,299.5141056110071,299.8937245640216,299.69219219104025,311.2192416042187,307.34354604018176,467.25888378994637,500.89225370493864,477.1156067310019,418.2431522220249,413.5096926411744,409.71411510840545,414.2756752031021,299.92505819444443,299.8613891358025,299.93719330246915,299.93534706790126,299.9375142901235,299.88100989197534,299.89632484567903,638.2831414106823,653.2201770882382,708.2916921145386,467.8221830972539,571.3227243559172,572.2673292661858,522.9020195859882,65.18694785015711,2.024912413537411,32.19247776563288,64.948100183711,2.342650152237715,64.91053005212476,2.509131128514156
30,30.0,57.0,54.43885714285714,16.75225,1815.68017509296,463.575215035878,399.5971125530692,9.592918183857071,1.6554886331131533,260.3369130931012,260.3701824057841,261.2082407641876,299.83986386217555,300.44481272130554,266.18502456349205,267.0433937962963,625.6707936273831,620.3731078058632,633.1929926002471,399.4287322515278,415.8355215254927,424.31702565686885,406.3660252351053,299.92505819444443,299.8613891358025,299.93719330246915,299.93534706790126,299.9375142901235,299.88100989197534,299.89632484567903,638.2831414106823,653.2201770882382,708.2916921145386,467.8221830972539,571.3227243559172,572.2673292661858,522.9020195859882,65.16769767253952,1.9155467597781168,34.0204160195432,64.67712047755045,3.00120438081087,64.64082278318224,2.9186372005808443
31,31.0,57.0,54.96057971014493,16.579257246376812,3530.5249422576685,484.15800609879744,399.74600285875005,9.96039161611126,1.7000536653843468,278.0556929641806,278.083683527241,276.69136899654353,299.8497592375242,299.9705162947465,291.2750449258588,291.5774698151503,478.53249278939967,474.0557785786479,478.6865956997415,443.0147079788415,438.5966374923995,434.18030809115737,427.19970654022,299.92505819444443,299.8613891358025,299.93719330246915,299.93534706790126,299.9375142901235,299.88100989197534,299.89632484567903,638.2831414106823,653.2201770882382,708.2916921145386,467.8221830972539,571.3227243559172,572.2673292661858,522.9020195859882,65.33517823302019,1.6191869263608254,40.35060879589925,65.11015611045391,2.09048261687026,65.36682669082126,2.1027018597695615
32,32.0,57.0,55.699035388127854,15.266352739726026,2063.8060267008163,493.579350498358,399.9130210368445,9.600463679493279,1.7067857461766174,262.42437180036194,261.8080647834493,263.48581097771296,299.61995917350316,300.0329777236633,269.3131737041707,269.81820704908677,632.2876598469035,627.4122281477968,657.180680031553,406.23648475348455,412.18576634100447,421.19229941942694,409.88501638718253,299.92505819444443,299.8613891358025,299.93719330246915,299.93534706790126,299.9375142901235,299.88100989197534,299.89632484567903,638.2831414106823,653.2201770882382,708.2916921145386,467.8221830972539,571.3227243559172,572.2673292661858,522.9020195859882,65.13528614653731,1.9493297909667169,33.41419520102611,64.85339966813197,2.796529543267393,64.93787120784916,2.661604016160848
33,33.0,57.0,58.49132575757576,12.000939393939394,2845.0108377732276,470.2569473883123,399.8389489787436,9.84771984808742,1.6559421165073316,290.16793284062373,284.8770835975492,293.0266780956027,299.94202401827755,299.7103558341614,300.5616293330858,301.3294333091176,503.76950439014666,506.1032996965721,519.878395806911,438.42999695249136,442.49848581022474,442.1369909523947,440.2842265353089,299.92505819444443,299.8613891358025,299.93719330246915,299.93534706790126,299.9375142901235,299.88100989197534,299.89632484567903,638.2831414106823,653.2201770882382,708.2916921145386,467.8221830972539,571.3227243559172,572.2673292661858,522.9020195859882,65.37673315012269,1.738311728827603,37.60932637451382,65.22697434657505,2.411336072348265,65.26641233222641,1.9827931481689192
34,34.0,57.0,51.93805555555556,20.511083333333332,3353.821620492863,559.7934164236943,400.22270735842994,9.87480496981442,1.7005087509331882,299.2388119251543,299.72843705246913,299.9212945679012,299.99048305716065,299.46947150439934,316.4103114583333,314.76440031635804,474.3744355287735,497.4051382103218,484.06589297353514,420.02948342967585,415.422510081414,415.34619663162067,416.15930092489253,299.92505819444443,299.8613891358025,299.93719330246915,299.93534706790126,299.9375142901235,299.88100989197534,299.89632484567903,638.2831414106823,653.2201770882382,708.2916921145386,467.8221830972539,571.3227243559172,572.2673292661858,522.9020195859882,65.1262195493579,2.0509826871072607,31.75366616146964,64.87889054989635,2.3440003162098577,64.71698722092685,2.6733709161658203
35,35.0,57.0,56.51618421052632,13.65125,3978.202593451358,434.7686761836975,399.97685376628124,9.888882099415206,1.7242443679337232,257.90896107456143,253.11025179093568,257.9442349780702,299.4156707273323,300.48436064565067,258.2395762061404,253.5751918006823,535.4035703275154,512.2873160974128,535.9403138462476,502.0278993691722,515.5362434398572,519.5514143679767,515.9183363928485,299.92505819444443,299.8613891358025,299.93719330246915,299.93534706790126,299.9375142901235,299.88100989197534,299.89632484567903,638.2831414106823,653.2201770882382,708.2916921145386,467.8221830972539,571.3227243559172,572.2673292661858,522.9020195859882,65.63332264245048,1.4349484977139952,45.73914865028981,65.78058531313854,2.001637305113387,65.17263157894736,2.7493201754385965
36,36.0,57.0,58.441113184079605,12.558681592039802,3320.3816004501386,508.65002974766924,399.66438297729354,9.886949855151327,1.7000487339400578,268.6190677687949,269.38046133913764,269.35162086097296,299.87212556845515,299.8699220636781,298.95711401844943,297.93562089667404,468.0712838387865,473.42014157437603,483.47184544075554,389.25168941979916,389.2664660209084,397.0264777973827,390.77117106630914,299.92505819444443,299.8613891358025,299.93719330246915,299.93534706790126,299.9375142901235,299.88100989197534,299.89632484567903,638.2831414106823,653.2201770882382,708.2916921145386,467.8221830972539,571.3227243559172,572.2673292661858,522.9020195859882,65.33391941766496,1.866839763705464,34.99706867609493,65.0693049074188,2.495045563703199,64.8272148214751,2.8214693618381914
37,37.0,57.0,55.128986928104574,15.651993464052287,2663.136864456805,510.9202481479484,399.53323978758806,9.839490104036,1.6763057321367625,298.38976508012,282.9282516079927,298.7963387965769,300.01111187586315,299.2935839666502,321.26023453499454,318.17941712282135,453.0910430600614,486.5801291687728,454.0793655265706,390.4048412762,398.13384317216526,397.9882356295076,392.30367944783467,299.92505819444443,299.8613891358025,299.93719330246915,299.93534706790126,299.9375142901235,299.88100989197534,299.89632484567903,638.2831414106823,653.2201770882382,708.2916921145386,467.8221830972539,571.3227243559172,572.2673292661858,522.9020195859882,65.14487898923618,1.9373337675736038,33.62604837617955,64.72984630127408,2.6541896537002074,65.03058011069763,2.396820475595853
38,38.0,57.0,54.704614197530866,15.893780864197531,2413.823261915692,498.2429110521594,398.9975372960957,9.685840613683128,1.6720685553258239,293.7342652448449,284.9910205402449,294.4402642526785,299.8279583682082,299.63723242018636,307.4696448473937,304.6542452702046,462.0429165910106,512.7900871174348,470.69850964994504,402.7577966614689,411.43539237456827,425.62964790998154,402.07501883937454,299.92505819444443,299.8613891358025,299.93719330246915,299.93534706790126,299.9375142901235,299.88100989197534,299.89632484567903,638.2831414106823,653.2201770882382,708.2916921145386,467.8221830972539,571.3227243559172,572.2673292661858,522.9020195859882,64.98093487995554,1.8757915110114445,34.64187490907089,64.40214254391667,2.897872139497487,65.14785462997219,2.335489412773907
39,39.0,57.0,58.02512254901961,13.175110294117648,3643.6754001596505,550.5310735816167,400.0077946610978,10.02152658278867,1.6911581780478282,291.05964870983115,292.70353827954796,292.80122837009804,299.9124268921938,299.93328087856867,294.3395872412854,293.3050728570942,469.02092181072265,473.7203584059935,466.6796316187139,451.59854177404026,450.0788199281543,447.53339300865264,448.9639203388875,299.92505819444443,299.8613891358025,299.93719330246915,299.93534706790126,299.9375142901235,299.88100989197534,299.89632484567903,638.2831414106823,653.2201770882382,708.2916921145386,467.8221830972539,571.3227243559172,572.2673292661858,522.9020195859882,65.47334195218355,1.7499306015909335,37.414821989317204,65.37076513457644,2.1393492513261294,65.23808823529411,2.251446338932984
40,40.0,57.0,57.02806481481481,13.689416666666668,2931.8696732067315,458.29889867549394,400.0041065893431,9.673839732073045,1.6655753220271774,283.91132175411525,277.16049071502056,286.1141754218107,299.9117300494003,299.61911464980534,299.2050521270576,300.3596456069959,495.7648433428229,479.1260045831644,491.7566566183969,395.8855082105578,397.7583762289509,408.2810751038793,399.1628911790781,299.92505819444443,299.8613891358025,299.93719330246915,299.93534706790126,299.9375142901235,299.88100989197534,299.89632484567903,638.2831414106823,653.2201770882382,708.2916921145386,467.8221830972539,571.3227243559172,572.2673292661858,522.9020195859882,65.55323399454171,1.505906299592388,43.53075222029775,65.37448674955769,2.194186871943327,65.2863425925926,2.112412037037037
41,41.0,57.0,60.30583333333333,10.284739583333332,2511.98735462286,398.58145476904826,400.36961729678467,9.785394978913855,1.6308653498854182,288.64873743100856,283.52226306479196,289.0495277307608,299.92414576239963,299.8893916713097,295.49566642278296,299.77916452289026,580.5406671826423,546.0275649439594,608.7246362622715,461.66114193643665,470.21453625388006,465.8892044156623,461.8127241437927,299.92505819444443,299.8613891358025,299.93719330246915,299.93534706790126,299.9375142901235,299.88100989197534,299.89632484567903,638.2831414106823,653.2201770882382,708.2916921145386,467.8221830972539,571.3227243559172,572.2673292661858,522.9020195859882,65.6899318977193,1.3803038450289093,47.59092147304964,65.8430461716603,1.7081401555358329,65.43369791666667,1.9528645833333331
42,42.0,57.0,54.971562500000005,15.253263888888888,1852.6365500219238,372.73372066812834,400.58600126016626,9.555161656250009,1.6108070866553088,252.69355528287505,248.2073423485182,254.8840081625128,300.0564727384987,299.63789301143044,269.02289621030144,275.1730369217088,631.7782418275023,512.3206596247016,667.4552347270275,531.2598230440202,500.41712059398213,491.95516974761085,494.5501339645511,299.92505819444443,299.8613891358025,299.93719330246915,299.93534706790126,299.9375142901235,299.88100989197534,299.89632484567903,638.2831414106823,653.2201770882382,708.2916921145386,467.8221830972539,571.3227243559172,572.2673292661858,522.9020195859882,65.13330322326314,1.5650450017528454,41.61752738759208,64.71555845499866,2.357794334175648,64.65968694307357,2.32411814516875
43,43.0,57.0,55.24545,15.956575,3052.82225896702,531.0070983350814,398.11432217356946,9.581166348858616,1.6831773480375125,297.88624343672217,291.0387561313478,296.80440460363343,299.8125293546177,299.74096149646664,311.4220495439815,299.5922151157407,448.4838919302282,472.03308658627896,484.22752632988124,387.6595063575982,392.91540263319075,397.7475476589784,390.30253761972466,299.92505819444443,299.8613891358025,299.93719330246915,299.93534706790126,299.9375142901235,299.88100989197534,299.89632484567903,638.2831414106823,653.2201770882382,708.2916921145386,467.8221830972539,571.3227243559172,572.2673292661858,522.9020195859882,65.073603269595,2.0190184566760077,32.23031619865839,64.62767247548868,2.7453412330364113,64.79933771950616,2.542881921751707
44,44.0,57.0,51.73975877192983,20.59282894736842,3417.559520377909,565.0763367460307,399.905948673835,9.852282607273391,1.704006516393097,298.8015729562622,298.46423388157893,299.2110947639669,299.9705013374722,299.6654769516358,309.0054153935185,308.36846770224173,461.95623978131096,477.01370475054347,502.52895063800753,410.60951289015645,407.7534185811919,415.0518492994639,409.47415974354294,299.92505819444443,299.8613891358025,299.93719330246915,299.93534706790126,299.9375142901235,299.88100989197534,299.89632484567903,638.2831414106823,653.2201770882382,708.2916921145386,467.8221830972539,571.3227243559172,572.2673292661858,522.9020195859882,65.05051730978255,2.1231777840231882,30.638280882215607,64.67768923586549,2.7112786052026774,64.68593599463863,2.7691030149157694
45,45.0,57.0,56.82297690763052,14.417088353413655,3129.9711876860797,476.6501633923365,399.89463401696736,9.838387949004352,1.6707487260354394,282.3515485815201,285.1050721475304,285.23747987374605,299.9331000136879,299.72829883580556,298.2293721148483,301.57217931169123,496.6707892672555,486.1477589867065,501.67352908526226,401.83461938004945,407.3455667014713,407.3652686972827,403.39285865758563,299.92505819444443,299.8613891358025,299.93719330246915,299.93534706790126,299.9375142901235,299.88100989197534,299.89632484567903,638.2831414106823,653.2201770882382,708.2916921145386,467.8221830972539,571.3227243559172,572.2673292661858,522.9020195859882,65.37076327747393,1.6957865230607008,38.54893430777311,65.0491918632807,2.6576547341745194,64.93359056281274,2.312544756714421
46,46.0,57.0,56.95166025641026,14.11398076923077,3590.793894989347,473.2881954501141,400.01769779334705,9.938263524750713,1.6935617778896994,272.07142659366093,271.2843531178775,270.66504283475786,299.80868224316924,300.05303961887734,290.83608185897435,290.1399237197293,491.04110581857145,479.07951683289485,492.3267370230442,433.43716373787714,428.2648702148073,430.49016456048196,423.7621446701389,299.92505819444443,299.8613891358025,299.93719330246915,299.93534706790126,299.9375142901235,299.88100989197534,299.89632484567903,638.2831414106823,653.2201770882382,708.2916921145386,467.8221830972539,571.3227243559172,572.2673292661858,522.9020195859882,65.52220768811047,1.5094333277414123,43.40848084105333,65.3830718833025,1.8708740933952361,65.3735673076923,2.124131579298558
47,47.0,57.0,56.740932017543855,13.448092105263159,2747.016720096711,504.8226439360992,399.1672784282931,9.729802561393493,1.6653284712841405,297.84620450025375,283.63084628316835,298.6434720864892,300.0224279786768,299.4647594114823,318.49414247237365,314.8083700774651,460.38082719832613,484.2733357639775,469.83067297273374,393.74404838543074,400.47151895377345,392.2430772440706,396.0119809192252,299.92505819444443,299.8613891358025,299.93719330246915,299.93534706790126,299.9375142901235,299.88100989197534,299.89632484567903,638.2831414106823,653.2201770882382,708.2916921145386,467.8221830972539,571.3227243559172,572.2673292661858,522.9020195859882,65.11547875216776,1.8580079208073221,35.045856383580144,64.66658494449497,2.625437134058094,64.7315531596995,2.588089051775262
48,48.0,57.0,55.332053571428574,14.82610119047619,1984.690987126765,370.7756582922106,400.3566830416084,9.662803418471034,1.632023721873827,257.10723705019046,251.8875435713844,258.02256499668397,299.71940873613676,299.97731265710087,268.4443986754429,272.83606082875474,610.6187380515779,516.1053999157888,631.7574803946424,507.5486127028342,493.07788677695527,469.3003677239502,492.4845079280348,299.92505819444443,299.8613891358025,299.93719330246915,299.93534706790126,299.9375142901235,299.88100989197534,299.89632484567903,638.2831414106823,653.2201770882382,708.2916921145386,467.8221830972539,571.3227243559172,572.2673292661858,522.9020195859882,65.20159665652814,1.5529931374861647,41.984471845168734,64.81058085552012,2.4728010518212735,65.26151785714286,1.893139880952381
49,49.0,57.0,52.35791666666667,19.617361111111112,1693.8451286813563,518.800606967856,400.1807467627669,9.645910517746914,1.7023713840472015,266.4314444795043,265.84710727174615,266.23804158950617,299.5155908324045,300.2559672316201,266.4187397944391,266.4934322016461,583.7251254849306,553.9137461936721,595.9353275985809,427.36947806520305,440.793827466209,425.0899979916186,432.3043774634924,299.92505819444443,299.8613891358025,299.93719330246915,299.93534706790126,299.9375142901235,299.88100989197534,299.89632484567903,638.2831414106823,653.2201770882382,708.2916921145386,467.8221830972539,571.3227243559172,572.2673292661858,522.9020195859882,65.1065707175249,2.145077182222306,30.351621497401933,64.71182912018973,2.7992493604207875,65.12441680151024,2.2833055482098534
50,50.0,57.0,56.127138888888894,14.666435185185183,1954.3813116975905,551.2899241225043,400.3963116952749,9.672490043899979,1.7180701361732376,251.860118203597,253.30310431687732,252.4489805607226,299.790950954689,300.4217043741356,276.8679974176955,276.5907834259259,595.4174982757132,588.4495793615829,591.2764204893653,390.5051311239253,393.76024647890944,396.4727394958848,395.4115145473251,299.92505819444443,299.8613891358025,299.93719330246915,299.93534706790126,299.9375142901235,299.88100989197534,299.89632484567903,638.2831414106823,653.2201770882382,708.2916921145386,467.8221830972539,571.3227243559172,572.2673292661858,522.9020195859882,65.03704411913603,2.2404455217126444,29.028621088461154,64.83372286779719,2.8223521823539293,64.6736429390909,2.9291618795305796
51,51.0,57.0,54.77728260869566,16.36958333333333,2938.1217692278283,532.1760666428482,397.72887618321226,9.669923574626626,1.7078334034942202,291.64395170916976,289.61758615887135,291.3614760691039,299.7121914514111,299.69598211868066,316.5887452999195,304.0162512691224,499.03386235453405,474.99567083802236,454.4326144526003,406.00943726658,407.0932211170817,411.33847950380897,386.55886018616167,299.92505819444443,299.8613891358025,299.93719330246915,299.93534706790126,299.9375142901235,299.88100989197534,299.89632484567903,638.2831414106823,653.2201770882382,708.2916921145386,467.8221830972539,571.3227243559172,572.2673292661858,522.9020195859882,64.90751793158735,2.1191097372063896,30.62961619776924,64.55070473632446,2.8129361503162587,64.53106160585887,2.510792580656266
52,52.0,57.0,60.9084649122807,10.158026315789474,3149.3112258720853,406.14160173463955,400.20236728395065,9.916631621710525,1.6514723376585245,286.7979234100877,283.45859387183236,286.8072493603801,299.9785011446576,300.0638940377253,305.8966502741228,303.19804478557506,508.0790067337783,503.64596541845054,477.10160005074863,420.9901017782839,421.2799916788499,416.10774539473687,413.8496524853801,299.92505819444443,299.8613891358025,299.93719330246915,299.93534706790126,299.9375142901235,299.88100989197534,299.89632484567903,638.2831414106823,653.2201770882382,708.2916921145386,467.8221830972539,571.3227243559172,572.2673292661858,522.9020195859882,65.86256463643987,1.3214593065781737,49.84078155761479,66.11191568452324,1.5429839476711884,65.65047612886333,1.4347075093158577
53,53.0,57.0,57.89115833333333,13.011033333333332,3708.396581029486,541.3310515963703,399.9527707435462,10.035891592364365,1.6891147733631113,286.4192301843644,287.4887021706229,287.78413908531405,299.87244726371193,299.9173359208196,292.1555376550926,290.68193033333336,471.40210272845763,473.281509701209,469.3025652838334,449.73433707130965,448.2223678262766,445.17023240131834,440.9626335512675,299.92505819444443,299.8613891358025,299.93719330246915,299.93534706790126,299.9375142901235,299.88100989197534,299.89632484567903,638.2831414106823,653.2201770882382,708.2916921145386,467.8221830972539,571.3227243559172,572.2673292661858,522.9020195859882,65.50117936695091,1.6176168394983161,40.49239459405312,65.51500308942596,2.0316439674213025,65.26867993527509,2.1861321511606997
54,54.0,13.0,55.62039772727273,15.410549242424242,1884.60172069685,537.4161058289675,400.7851414569927,9.618457788983585,1.719147701880159,269.7537142244547,270.74915620103934,270.23258913443067,299.8991981195824,300.31321031286313,280.81447421611955,280.7041421138468,546.7354739793772,547.3378601031364,578.065858609413,375.3244041379956,379.707366257836,382.1460897832492,379.700274221606,299.9270605758102,257.17531643518515,299.94141574074075,300.0465079650016,300.65595223690826,302.526641796875,261.59231025752314,548.8097218243635,543.0919560908565,556.477567802545,526.415818995949,523.5550560908565,524.4121107783565,524.0857424551505,65.3640592899498,2.0507078436746773,31.87390124417893,64.92690471855283,2.7459427922009505,64.53988919155675,2.9707929202683676
55,55.0,57.0,57.0798046875,13.055455729166667,2180.3266785695446,542.1297747546525,399.93541958624087,9.618438066731771,1.7331480709240017,239.16107795838448,238.85014231588704,239.79660849522958,299.57498698336997,300.1458905974605,255.02222340856483,256.18779819516783,669.4457602113051,664.2587123076094,661.3375680280764,414.7722820699415,423.5658305521899,432.2633778551167,424.3326612788521,299.92505819444443,299.8613891358025,299.93719330246915,299.93534706790126,299.9375142901235,299.88100989197534,299.89632484567903,638.2831414106823,653.2201770882382,708.2916921145386,467.8221830972539,571.3227243559172,572.2673292661858,522.9020195859882,64.78608823888312,2.3845559881033944,27.16903631623767,64.37439792531168,3.168304303024606,64.76555571640206,3.0594458777411595
56,56.0,57.0,56.57483796296296,14.10804012345679,2940.5872103839392,494.5918222327798,398.6353680730587,9.657760128774306,1.677471263629232,289.31312132630313,294.9366472736626,296.1227912251372,299.91622513289155,299.8682892136433,300.86007088048694,298.34133597893805,468.08965604357957,481.03822937957244,486.28310034683574,402.6493931838962,413.6501836248285,431.9861137238512,429.0291716778121,299.92505819444443,299.8613891358025,299.93719330246915,299.93534706790126,299.9375142901235,299.88100989197534,299.89632484567903,638.2831414106823,653.2201770882382,708.2916921145386,467.8221830972539,571.3227243559172,572.2673292661858,522.9020195859882,65.24731634789536,1.7506542027378877,37.270248028339125,64.84186400299399,2.5125473012935085,64.90519133178407,2.2418010102424417
57,57.0,57.0,56.03762254901961,13.866691176470587,1199.193042818658,358.70528018654585,400.4247853763303,9.2873309208878,1.5994731628385144,249.05831612200447,248.07770964052295,252.80637657271248,299.3886411770076,300.3577265192624,248.70599385893257,251.9568954020404,727.4878492497076,702.5944442633005,760.3558569952197,494.83550862471117,551.4395386165578,457.95096013216227,513.0349283441001,299.92505819444443,299.8613891358025,299.93719330246915,299.93534706790126,299.9375142901235,299.88100989197534,299.89632484567903,638.2831414106823,653.2201770882382,708.2916921145386,467.8221830972539,571.3227243559172,572.2673292661858,522.9020195859882,65.33046228220226,1.5170167279634996,43.06509023793319,64.86170993741617,1.9985377937108286,65.32177777626762,1.8849744255373095
58,58.0,57.0,62.2913,7.608300000000001,3040.760449775828,400.398066101001,399.19763354290336,9.725641889999999,1.655919398601202,295.94326911574075,279.9519556064815,295.944484125,299.9121885248429,299.9428521738683,300.8821889675926,300.85077125925926,554.2047502177205,556.4206869627795,548.8007437079278,479.4788597579898,472.6191454129189,470.40757053703703,458.68020002314813,299.92505819444443,299.8613891358025,299.93719330246915,299.93534706790126,299.9375142901235,299.88100989197534,299.89632484567903,638.2831414106823,653.2201770882382,708.2916921145386,467.8221830972539,571.3227243559172,572.2673292661858,522.9020195859882,65.77204756091933,1.393282634854225,47.206536502768415,65.5953742439895,1.8516061501240695,66.00466666666667,1.4665333333333335
59,59.0,57.0,57.179199438202254,13.626128277153558,3029.057898396089,483.16762286126055,399.7224295649311,9.831697139113315,1.6717453908566886,290.7540314840824,291.3468609498544,294.5135873361423,299.9481200681828,299.85719046383275,300.52572655274656,305.38646489674363,494.48144773442175,492.12926731694847,508.48096146327657,412.1308805593429,425.01261675576933,421.4458432139313,413.29320692813786,299.92505819444443,299.8613891358025,299.93719330246915,299.93534706790126,299.9375142901235,299.88100989197534,299.89632484567903,638.2831414106823,653.2201770882382,708.2916921145386,467.8221830972539,571.3227243559172,572.2673292661858,522.9020195859882,65.31647625545916,1.6166530563750128,40.402284211750995,64.95353226529377,2.361847766475959,64.95809457810834,2.241791533590312
60,60.0,57.0,58.941298611111115,11.892854166666666,3200.623477268108,516.0951689598792,399.4759782817217,9.834322195987655,1.671576746959361,288.39028304316184,289.9357649255505,289.9561537899999,299.89862325099074,299.83682358117017,303.9828681462192,301.8915410159465,469.7758769143509,482.1403565178665,496.40015208592007,412.5435098971701,413.1358823756622,425.4396869707367,421.9218417805922,299.92505819444443,299.8613891358025,299.93719330246915,299.93534706790126,299.9375142901235,299.88100989197534,299.89632484567903,638.2831414106823,653.2201770882382,708.2916921145386,467.8221830972539,571.3227243559172,572.2673292661858,522.9020195859882,65.29734496382869,1.9310582279316533,33.81428069818918,64.86883644001378,2.5992076770098542,64.79118319466183,2.49919753046704
61,61.0,57.0,56.78151851851851,13.80387037037037,2131.975489264794,468.95239396407044,400.0170797832615,9.69537785146605,1.6651797502088133,274.16522160914684,262.82825650166666,276.0814582326529,299.9437582069839,299.65382313705385,292.8948084276002,293.88084486699955,581.9247073875582,582.9254390026429,594.1889115019931,426.78491992915053,437.6668776735686,435.80856385270204,425.0502789884133,299.92505819444443,299.8613891358025,299.93719330246915,299.93534706790126,299.9375142901235,299.88100989197534,299.89632484567903,638.2831414106823,653.2201770882382,708.2916921145386,467.8221830972539,571.3227243559172,572.2673292661858,522.9020195859882,65.27405611143173,1.8024297184899676,36.2144806212565,64.91853417513599,2.465636540225333,65.0917707583856,2.542110584335979
62,62.0,57.0,48.924,26.762749999999997,1278.0072141171472,458.0113874655431,401.03539792859226,9.827446077469137,1.605038546388159,299.0732804320988,296.42239401234565,297.9888884027778,299.9711201774691,299.8704308150954,298.71616330246917,299.1843959953704,592.9034992876611,565.275910548103,656.6995692232941,361.6958334001312,455.37243151154763,496.65081531720045,413.6279376157409,299.92505819444443,299.8613891358025,299.93719330246915,299.93534706790126,299.9375142901235,299.88100989197534,299.89632484567903,638.2831414106823,653.2201770882382,708.2916921145386,467.8221830972539,571.3227243559172,572.2673292661858,522.9020195859882,65.61510878775519,1.5147653245927157,43.31701269000037,65.62834615784206,1.9987184777497178,66.21638888888889,1.6176666666666668
63,63.0,57.0,55.133363095238096,16.436450892857142,3385.285735766721,510.1309109294169,399.82993151944044,9.86081990370757,1.6866540463160102,281.3263664499681,282.2816120194067,282.1225883941234,299.88130299680364,299.9080565717959,297.6087771880595,295.71548211165356,462.56427770893686,461.78717773827896,466.846018186226,417.3212164646321,418.0417205073918,430.82189573493827,417.6248134567071,299.92505819444443,299.8613891358025,299.93719330246915,299.93534706790126,299.9375142901235,299.88100989197534,299.89632484567903,638.2831414106823,653.2201770882382,708.2916921145386,467.8221830972539,571.3227243559172,572.2673292661858,522.9020195859882,65.17527188069622,1.868601266006659,34.879175705569686,64.8665791084923,2.6432963709077155,64.99141551962767,2.3711597852584445
64,64.0,57.0,55.51142857142857,15.843083333333334,3936.7822036656403,539.4967472261786,399.3260101953988,9.908773696891535,1.700669055937969,279.436160353836,277.91782947145066,279.4738978174603,299.7988995099039,299.82950429781386,304.0618444378307,295.83874617394184,478.00709800593876,511.78990846600936,480.69471449185346,416.4134149885341,416.1725878915552,431.4498407010399,404.1469858257047,299.92505819444443,299.8613891358025,299.93719330246915,299.93534706790126,299.9375142901235,299.88100989197534,299.89632484567903,638.2831414106823,653.2201770882382,708.2916921145386,467.8221830972539,571.3227243559172,572.2673292661858,522.9020195859882,65.18037107296121,1.9093233555942508,34.137942576350405,64.97907335657466,2.5325644544433366,64.92043452380953,2.4116084631634536
65,65.0,57.0,56.14146701388889,14.775147569444444,3456.7523831270714,508.554248133227,399.7135418227069,9.903382860076343,1.6964469163595666,276.6936248688925,276.3194514657929,276.9172407249729,299.7915026829938,299.9815164417174,289.8254762427018,286.84994178448346,476.03570454043006,467.6994995307537,479.940325527283,426.6831417496817,426.10717422433896,440.43973490160414,428.5068321747569,299.92505819444443,299.8613891358025,299.93719330246915,299.93534706790126,299.9375142901235,299.88100989197534,299.89632484567903,638.2831414106823,653.2201770882382,708.2916921145386,467.8221830972539,571.3227243559172,572.2673292661858,522.9020195859882,65.28996660445615,1.8442516919637302,35.40187431517898,65.01298963680335,2.584383887189341,65.30420605378579,2.1883049712411506
66,66.0,57.0,57.60484195402299,12.401278735632184,2335.846302238769,501.4879627045085,399.4805385595331,9.787004494931354,1.6540374030069174,286.0671361400474,265.9368565926754,288.18963214584005,300.0264273087681,299.3502118522339,300.72650373563215,303.5256877155172,545.4282622524418,537.873867820169,556.8228108550717,404.6976783167645,433.8548633525089,423.3888907332973,414.79724329963835,299.92505819444443,299.8613891358025,299.93719330246915,299.93534706790126,299.9375142901235,299.88100989197534,299.89632484567903,638.2831414106823,653.2201770882382,708.2916921145386,467.8221830972539,571.3227243559172,572.2673292661858,522.9020195859882,65.14490940692268,1.9516994477167144,33.378556049260276,64.84399355332508,2.6064870055648863,64.8724353448276,2.5709927803275847
67,67.0,57.0,57.56535460992908,12.852907801418441,2739.5326159896877,435.58884996457437,399.02777117839884,9.696239430726044,1.6441659989619901,288.93948541875244,283.0747065764053,289.34594051556314,299.9076660363225,299.8127762392076,291.6232121821469,295.79410893552756,513.5705943135046,516.3932652892247,537.1653098030692,450.90517485073184,456.2299287203666,451.86563189176957,455.1257819280587,299.92505819444443,299.8613891358025,299.93719330246915,299.93534706790126,299.9375142901235,299.88100989197534,299.89632484567903,638.2831414106823,653.2201770882382,708.2916921145386,467.8221830972539,571.3227243559172,572.2673292661858,522.9020195859882,65.47809416136319,1.5483977410658067,42.28764510873849,65.25240266749918,2.0894186223134636,65.2677423208863,2.018834353848644
68,68.0,57.0,54.131486742424244,17.418570075757575,3467.36014453777,457.9133982777292,399.38216901646825,9.959668638994108,1.6972943717397984,289.094976612479,287.2139609480219,287.67241310500845,299.92679595669904,300.05220522128417,299.38075776252106,297.7777310395623,499.7480671828165,489.80889649596554,496.9547527202505,442.22986223695284,435.91315478745787,429.84868603745787,421.1959837568392,299.92505819444443,299.8613891358025,299.93719330246915,299.93534706790126,299.9375142901235,299.88100989197534,299.89632484567903,638.2831414106823,653.2201770882382,708.2916921145386,467.8221830972539,571.3227243559172,572.2673292661858,522.9020195859882,65.64265346430513,1.3717927727308488,47.85172714799284,65.42708222713914,1.82362973044714,65.47423295454546,1.7206912878787881
69,69.0,27.0,54.02835069444445,16.774270833333333,1573.4448565219861,425.4403726491912,400.1460959486048,9.511908134789737,1.6211941236443586,266.1026564271754,267.0696770054644,268.870925866858,299.8212096397675,299.84549091719464,276.98439395568164,280.38932803816635,635.1410518503652,650.2688636177157,678.5876326655825,439.18183219709795,494.20763450105034,515.7491272840763,453.70802963861075,299.90719072061194,299.9394324577295,299.93601545893716,299.9257096115137,299.9256629227053,299.9221200583736,300.00742312801935,401.0771367954912,403.07737584061806,415.8118539402174,449.7502528834541,450.1860603613124,580.186937354066,576.688418699678,65.08800444103912,1.7126004035302165,38.0053655872508,64.46220998496122,2.692160046516946,64.83179491254431,2.1805199066199443
70,70.0,57.0,57.8325365497076,12.58889619883041,3659.617367427773,503.3764422580462,399.816850147304,10.021001228710796,1.68511562377156,267.45838335702024,267.46032648749923,267.1896693314251,299.86605005294774,299.89064548886637,286.5551798915692,286.64114633081545,451.93006750980976,449.72083233226056,453.3054537305395,416.41235770837267,416.6546523683379,407.51154547219124,407.99002703135216,299.92505819444443,299.8613891358025,299.93719330246915,299.93534706790126,299.9375142901235,299.88100989197534,299.89632484567903,638.2831414106823,653.2201770882382,708.2916921145386,467.8221830972539,571.3227243559172,572.2673292661858,522.9020195859882,65.63023661060855,1.4641511030519863,44.82477011683013,65.45930595955933,2.129507149168758,65.3195168242286,2.1096580090358468
71,71.0,57.0,52.802447916666665,19.25348958333333,1476.1576796117267,354.0111496427173,401.60258669534255,9.24534262504159,1.5687746748079687,240.6594994082786,243.93371586896978,245.7420889834374,299.84405322274654,299.9366510814699,267.12210744237433,279.5174423353309,575.8877441739193,575.1315754979724,628.9010988246835,502.69513874115137,447.88272556088907,535.7411358077967,398.4554793852885,299.92505819444443,299.8613891358025,299.93719330246915,299.93534706790126,299.9375142901235,299.88100989197534,299.89632484567903,638.2831414106823,653.2201770882382,708.2916921145386,467.8221830972539,571.3227243559172,572.2673292661858,522.9020195859882,65.37941303607784,1.5161932542844572,43.120765015494406,64.43963144228995,2.5761853521850813,64.06348958333334,3.635104166666667
72,72.0,57.0,61.53601449275362,8.779166666666667,2416.7321659239196,391.0877733433186,400.4454347162747,9.85909971163595,1.6267757490930768,292.89307871753624,286.34386221594787,293.44073048204956,299.9200032732705,299.9058143985707,294.6780259841238,298.1321584130836,602.486435019169,561.6151306521908,636.4806411868938,483.05330476013796,488.2935233187355,487.24164796120425,480.87076042763283,299.92505819444443,299.8613891358025,299.93719330246915,299.93534706790126,299.9375142901235,299.88100989197534,299.89632484567903,638.2831414106823,653.2201770882382,708.2916921145386,467.8221830972539,571.3227243559172,572.2673292661858,522.9020195859882,65.81502207529344,1.3803038450289093,47.68154657564907,66.07316719892745,1.6260536984797984,65.72916666666667,1.640407608695652
73,73.0,57.0,55.91922839506173,14.293533950617283,1884.7522202109233,432.56111158519775,399.8508715205411,9.504069097284487,1.6487282990588747,244.0153534624885,244.0862159867198,245.3060285637643,299.6994291499122,300.48259247367025,255.1271858829584,255.9681814291551,655.3823399651751,673.4526694676083,655.4677889194157,424.08743790336985,448.57977330710895,459.20387497916863,418.4552226023785,299.92505819444443,299.8613891358025,299.93719330246915,299.93534706790126,299.9375142901235,299.88100989197534,299.89632484567903,638.2831414106823,653.2201770882382,708.2916921145386,467.8221830972539,571.3227243559172,572.2673292661858,522.9020195859882,65.31665846261747,1.7561226651696005,37.19367659109929,64.93858715751621,2.824216724857909,65.04678374750354,2.415741003807487
74,74.0,57.0,59.45868055555556,11.551111111111112,3235.0367232449703,386.84140063396444,400.01985136742314,10.064526413001543,1.6419605740498862,292.7191726080247,289.0835542341821,292.6872282214506,299.975570303118,300.05834892716814,304.70157158564814,301.87122876157406,575.6441373070987,571.3685677597737,582.437261435915,479.0940301845044,478.6966241512346,447.0619445023148,446.31391103395055,299.92505819444443,299.8613891358025,299.93719330246915,299.93534706790126,299.9375142901235,299.88100989197534,299.89632484567903,638.2831414106823,653.2201770882382,708.2916921145386,467.8221830972539,571.3227243559172,572.2673292661858,522.9020195859882,66.10746699488928,1.1916084750692346,55.47750656191692,66.49290177364382,1.4291782429580993,66.06673611111111,1.3274652777777778
75,75.0,57.0,54.472306201550396,16.910552325581396,1944.6906178241093,512.2500137815588,400.00924974235977,9.587257943529284,1.7271809589821636,251.87814568571878,252.21288452234572,252.18495057692184,299.4590451432598,299.75358740855836,259.04780509797587,259.10270256782945,656.7870681448549,654.0189873546511,666.3296678443257,412.34086384175293,426.5251993620801,441.05908738425927,438.0440671724901,299.92505819444443,299.8613891358025,299.93719330246915,299.93534706790126,299.9375142901235,299.88100989197534,299.89632484567903,638.2831414106823,653.2201770882382,708.2916921145386,467.8221830972539,571.3227243559172,572.2673292661858,522.9020195859882,65.08498960703277,2.138814005293704,30.430411174577674,64.61365212152332,2.8493911879846014,64.57444812328501,2.7989223608398226
76,76.0,57.0,52.21825520833333,20.605052083333334,4192.238228242875,596.1304326099538,399.980893359373,9.59606562726492,1.7018495882523148,299.93399451678243,299.9738142361111,299.92811323784724,299.86485996315787,299.8735031523196,306.0905858072917,301.100064879919,453.08176963958374,433.1674345003858,438.32463421585646,396.5393138744213,395.6811238455654,437.0854750940394,397.2922442708333,299.92505819444443,299.8613891358025,299.93719330246915,299.93534706790126,299.9375142901235,299.88100989197534,299.89632484567903,638.2831414106823,653.2201770882382,708.2916921145386,467.8221830972539,571.3227243559172,572.2673292661858,522.9020195859882,65.08453600670991,2.1782262175141196,29.879603635010433,64.64954709345714,2.866690360855775,65.03790364583332,2.4530969384810764
77,77.0,57.0,57.692708333333336,13.335698198198198,3273.3947524983714,487.94105146897385,399.71009493580664,9.845079419802742,1.6806495360632532,277.1848757537463,278.38463572605184,278.43162966970925,299.9132420238094,299.77184614428097,299.93008273963454,300.2891414589666,476.98958857300346,474.3361284569267,506.34342309589624,401.176686383966,395.2420991158016,409.48088087417784,402.3126573560303,299.92505819444443,299.8613891358025,299.93719330246915,299.93534706790126,299.9375142901235,299.88100989197534,299.89632484567903,638.2831414106823,653.2201770882382,708.2916921145386,467.8221830972539,571.3227243559172,572.2673292661858,522.9020195859882,65.36101758633386,1.7404811873451533,37.553418021157945,65.13515738049816,2.3973985303113032,64.797973080601,2.614272501829623
78,78.0,57.0,56.16288194444444,15.069444444444445,3787.1162831106462,549.2108053237434,399.7987282009803,9.962099754147378,1.6948260655345229,285.40703455504115,283.5719838734569,285.4162092496142,299.863679849067,299.8701903614999,291.73055824009776,288.62765054033775,486.67988094457684,487.85261856269346,483.2027537406375,447.12966989248935,446.68024734050925,447.88469387138264,436.8313232905873,299.92505819444443,299.8613891358025,299.93719330246915,299.93534706790126,299.9375142901235,299.88100989197534,299.89632484567903,638.2831414106823,653.2201770882382,708.2916921145386,467.8221830972539,571.3227243559172,572.2673292661858,522.9020195859882,65.20540477060474,1.92955384386052,33.79299571145743,64.92554893122434,2.435866735730841,65.28983217592594,2.1839583333333334
79,79.0,57.0,56.62562820512821,14.679544871794873,2996.423016154702,519.5716991544003,398.46722662156395,9.741580360349337,1.6826764704894157,294.82766847044155,291.56743353835606,295.34887587751217,299.88039227397553,299.88132265250874,304.2823265420228,299.79517720708685,457.55684582578374,462.7988953651029,483.75839504410766,390.9833664723978,392.4881000006247,405.6238044671216,399.705625293766,299.92505819444443,299.8613891358025,299.93719330246915,299.93534706790126,299.9375142901235,299.88100989197534,299.89632484567903,638.2831414106823,653.2201770882382,708.2916921145386,467.8221830972539,571.3227243559172,572.2673292661858,522.9020195859882,65.22926626574598,1.9950678899220868,32.69526144711465,64.8059856871099,2.713041963380261,64.68694784158495,2.5380000818669304
80,80.0,57.0,56.382236842105264,14.506436403508772,2832.486263447999,524.7830242777585,398.07029401139334,9.559389690658541,1.6922475103946102,295.7821456939987,297.6155113952639,298.68249993847013,299.8178378003674,299.7316374904649,320.28416747380606,306.42343229075294,491.28111233002846,482.9260668730935,476.1008967756261,402.73151049881693,409.50776355922653,425.57853594957334,398.0628232617766,299.92505819444443,299.8613891358025,299.93719330246915,299.93534706790126,299.9375142901235,299.88100989197534,299.89632484567903,638.2831414106823,653.2201770882382,708.2916921145386,467.8221830972539,571.3227243559172,572.2673292661858,522.9020195859882,65.19298668245467,2.0355578368444185,32.027086385085845,64.80018502720559,2.7560220008738443,64.31152708465197,2.781077740357112
81,81.0,57.0,54.77169715447155,15.73533536585366,1719.9752218619471,443.88133473028,399.7692605872829,9.474388971783384,1.658681809898987,239.12777727177783,239.61200772499694,241.0604763980446,299.5729580801689,299.6490260790395,260.83926891655375,263.1078111433841,660.0730001856474,666.0679801974285,673.669135892243,419.7560192827509,430.9069057783452,461.71533762515446,417.8816518160145,299.92505819444443,299.8613891358025,299.93719330246915,299.93534706790126,299.9375142901235,299.88100989197534,299.89632484567903,638.2831414106823,653.2201770882382,708.2916921145386,467.8221830972539,571.3227243559172,572.2673292661858,522.9020195859882,65.2852471184055,1.7245586819058085,37.856205070539446,64.85315944539995,2.6534128828449584,64.78030122542934,2.314094516564685
82,82.0,57.0,58.087374999999994,12.535625,2223.6039727655993,371.99389069388195,400.5061502915064,9.711330781255077,1.6089886431196436,277.33837459484886,263.55163132437053,278.4189419175401,299.9255710543777,299.7957567146164,285.76253950724515,292.61816299082693,587.9868410422508,504.93119447050077,622.0843553721667,473.9380840806358,465.2413409919612,472.44910622707386,456.83279466832073,299.92505819444443,299.8613891358025,299.93719330246915,299.93534706790126,299.9375142901235,299.88100989197534,299.89632484567903,638.2831414106823,653.2201770882382,708.2916921145386,467.8221830972539,571.3227243559172,572.2673292661858,522.9020195859882,65.58465355915745,1.4455811791703252,45.36905606145135,65.56909158622125,1.823391230215089,64.71541666666667,2.3862083333333333
83,83.0,57.0,58.708590425531916,12.117765957446808,3012.2809717043106,439.0978221644644,399.9236992777249,9.71744928799015,1.6576364266528998,287.0320210032506,275.7448074812845,287.02691222172973,299.9355629199874,299.80633658194995,301.9033632781718,303.1031567326635,499.8532400590668,499.38222326245136,500.8008437600277,428.1812526976622,431.56630573291733,432.629090909673,424.1564992349245,299.92505819444443,299.8613891358025,299.93719330246915,299.93534706790126,299.9375142901235,299.88100989197534,299.89632484567903,638.2831414106823,653.2201770882382,708.2916921145386,467.8221830972539,571.3227243559172,572.2673292661858,522.9020195859882,65.66645076132632,1.4915767678397505,44.02485488992363,65.54169663834021,1.9328209139904817,65.39965868794326,1.8434929078014184
84,84.0,57.0,60.444455128205135,9.499049145299145,2969.2219894307036,418.9754325535359,398.83147225099555,9.643452623474188,1.6578860211334348,292.7304060630342,290.77720544871795,294.2412161948006,299.92066562145436,299.9321511146341,298.3712512019231,300.06089475902183,539.1978200083096,538.0097111186495,551.2649435070382,470.6458377389463,470.4753633659781,480.9185478751187,468.3237660874563,299.92505819444443,299.8613891358025,299.93719330246915,299.93534706790126,299.9375142901235,299.88100989197534,299.89632484567903,638.2831414106823,653.2201770882382,708.2916921145386,467.8221830972539,571.3227243559172,572.2673292661858,522.9020195859882,65.46797291629915,1.4077920008653244,46.50400973727517,65.29732583012142,2.0713083127489558,65.67498802886095,1.7009013720197919
85,85.0,57.0,57.094526515151514,13.270625,3103.014733151135,539.0538960622054,398.7431373616986,9.70087623919753,1.6799768421990995,298.5573423488356,283.03626575652356,297.93858204966335,299.8269151040467,299.7380053963147,313.95656863776657,303.57211611128645,434.42211500070147,472.3551748537099,464.55430112168983,379.1136846348177,382.3279749154156,385.71306184413584,381.47666728445165,299.92505819444443,299.8613891358025,299.93719330246915,299.93534706790126,299.9375142901235,299.88100989197534,299.89632484567903,638.2831414106823,653.2201770882382,708.2916921145386,467.8221830972539,571.3227243559172,572.2673292661858,522.9020195859882,65.20116085938497,1.9456966390827706,33.51044533341114,64.78450305054677,2.5230727053721336,64.93963871404506,2.4287774961304684
86,86.0,57.0,58.68469858156028,11.696436170212765,2616.3456832894954,469.53392105774657,399.64825009743817,9.732164129454958,1.650767063757905,295.9454544572498,275.07906888297873,296.0332514701537,299.97776863539764,299.5774248947587,300.2243923783491,299.25680310776204,483.9219918662115,520.1534154243201,498.971796611601,426.64010987050347,429.796823057744,436.9884970034653,432.218079551277,299.92505819444443,299.8613891358025,299.93719330246915,299.93534706790126,299.9375142901235,299.88100989197534,299.89632484567903,638.2831414106823,653.2201770882382,708.2916921145386,467.8221830972539,571.3227243559172,572.2673292661858,522.9020195859882,65.35717619882438,1.738311728827603,37.598075831257404,65.02542065656533,2.3906469902584617,65.0757595382593,2.0799781130920616
87,87.0,57.0,54.9954255319149,16.746994680851063,3202.9193710026775,445.6240177170512,400.1176361469465,9.852092879865705,1.6789349881173135,278.0160431661625,279.10079599516564,279.1450614447861,299.9360689641381,299.5519004431348,284.96812737391645,285.54074010786053,502.7443982892011,495.2447892805047,528.8114493766806,403.77938235078096,401.62234559003963,405.804174926876,400.70011583939333,299.92505819444443,299.8613891358025,299.93719330246915,299.93534706790126,299.9375142901235,299.88100989197534,299.89632484567903,638.2831414106823,653.2201770882382,708.2916921145386,467.8221830972539,571.3227243559172,572.2673292661858,522.9020195859882,65.5683455962209,1.4567758267996123,45.00922131599881,65.2983974598896,1.8530207438538893,65.23059942302594,1.908974675468828
88,88.0,57.0,55.136626984126984,16.325962301587303,3305.0426768752814,412.1613430849112,400.291297010411,10.028026613921957,1.6645558644312328,287.17207275407844,283.7875649856702,287.1850740602954,299.9714810799009,300.0714394975999,309.52166944720017,307.197614092813,544.4186901133867,539.5975493532103,548.3230794679223,470.86365125661376,470.57375482044034,440.52692453152554,444.8482552469136,299.92505819444443,299.8613891358025,299.93719330246915,299.93534706790126,299.9375142901235,299.88100989197534,299.89632484567903,638.2831414106823,653.2201770882382,708.2916921145386,467.8221830972539,571.3227243559172,572.2673292661858,522.9020195859882,65.60154537429833,1.1853889143859342,55.34179084868684,65.55303776690828,1.5863727124715157,65.61713293650794,1.5038789682539684
89,89.0,57.0,56.091463675213674,15.563931623931625,2894.5345163207894,464.8926284054993,400.3123844434575,9.802358821979281,1.6671156929976856,290.97499090693253,289.26250333186607,292.25596975308645,300.0062647200646,299.4139621675867,293.5470529203234,294.8459009229582,513.8219818580706,492.0087590946417,526.6424936738908,423.0469759266129,423.41936840413183,426.30896486968834,421.7756406689479,299.92505819444443,299.8613891358025,299.93719330246915,299.93534706790126,299.9375142901235,299.88100989197534,299.89632484567903,638.2831414106823,653.2201770882382,708.2916921145386,467.8221830972539,571.3227243559172,572.2673292661858,522.9020195859882,65.4547525088102,1.7477497204810133,37.45087282336731,65.30907911000473,2.327454270303663,65.23884921259108,1.9718323713966834
90,90.0,57.0,53.68477083333333,18.222020833333335,4103.887611241865,496.34008680913803,400.0720635667001,10.13319658900463,1.7092551498388253,273.88529246527776,258.91634821180554,273.93166428240744,299.80706425768756,300.2612412662846,284.0992699768519,269.9081857349537,529.3417206655092,555.181210791046,538.1137365740741,465.3592893835104,470.1010306423611,470.8076009490741,469.22751425925924,299.92505819444443,299.8613891358025,299.93719330246915,299.93534706790126,299.9375142901235,299.88100989197534,299.89632484567903,638.2831414106823,653.2201770882382,708.2916921145386,467.8221830972539,571.3227243559172,572.2673292661858,522.9020195859882,65.52576856662316,1.4673246995110478,44.65662480053536,65.59295234674923,2.0212524707527795,65.69248958333333,1.9488541666666666
91,91.0,57.0,54.055248226950354,17.541976950354613,1878.9766722985105,492.02747827870996,399.64842350202093,9.5946090651842,1.6983583636410176,255.39657629038615,255.57474287332545,255.8198401644996,299.5363924656668,300.12552469033005,255.9184093257486,256.44144085648145,642.9504753756064,658.0259699771975,667.8303900458873,396.7305808806487,407.7842611135193,430.26886238240013,411.06696162265405,299.92505819444443,299.8613891358025,299.93719330246915,299.93534706790126,299.9375142901235,299.88100989197534,299.89632484567903,638.2831414106823,653.2201770882382,708.2916921145386,467.8221830972539,571.3227243559172,572.2673292661858,522.9020195859882,65.07179102503672,1.9493297909667169,33.38162240508628,64.76554816189285,2.6872633606656935,64.66483975106186,2.8116959166095556
92,92.0,57.0,52.82834523809524,18.27316666666667,3218.3334384303967,576.3271575099207,400.5040215954619,9.830294326256613,1.7017968323167976,299.92179327050263,292.45866818452384,299.6404455522487,299.9098727056693,299.9119186658465,301.3730508531746,300.6717706679894,416.16437810671954,426.02205897156085,428.32610981474403,425.219774864418,425.6697519973545,411.7436223776455,424.3714482169405,299.92505819444443,299.8613891358025,299.93719330246915,299.93534706790126,299.9375142901235,299.88100989197534,299.89632484567903,638.2831414106823,653.2201770882382,708.2916921145386,467.8221830972539,571.3227243559172,572.2673292661858,522.9020195859882,64.99680398969194,2.208664020521988,29.428108297943307,64.8297378323243,2.6739172968513865,64.82876236708273,2.66497226074896
93,93.0,57.0,59.85106359649124,10.175043859649124,2915.520590003756,406.82448391133363,398.4699381131036,9.592024048617818,1.6603292885543426,294.26842073282165,293.249504830653,294.3855593689084,299.9241371392239,299.93996816884,298.266774570541,301.00243299829435,530.0502131684962,537.3730625034364,535.0716408092787,471.698114379521,457.8875386592818,473.96860520528753,454.4244879766691,299.92505819444443,299.8613891358025,299.93719330246915,299.93534706790126,299.9375142901235,299.88100989197534,299.89632484567903,638.2831414106823,653.2201770882382,708.2916921145386,467.8221830972539,571.3227243559172,572.2673292661858,522.9020195859882,65.53963867089324,1.395919166151491,46.950883876452636,65.47156264057881,2.0116104273157087,65.74474780701753,1.5646929824561404
94,94.0,57.0,55.97261067708333,14.600397135416667,2018.8609826380018,540.0106448047412,399.93186373587633,9.630738370478877,1.7254077160558594,256.90371461675346,257.4034966791997,257.16073143215937,299.67182994215733,300.04307131799214,272.9551548213252,272.9179280345775,602.2950595040126,593.8437170521468,611.1268556883928,384.0460939404082,402.09395555555557,411.8684718904194,411.08214700403715,299.92505819444443,299.8613891358025,299.93719330246915,299.93534706790126,299.9375142901235,299.88100989197534,299.89632484567903,638.2831414106823,653.2201770882382,708.2916921145386,467.8221830972539,571.3227243559172,572.2673292661858,522.9020195859882,64.93017164568421,2.2222072317225288,29.218774342370416,64.5675564916153,2.9913300259795266,64.40955141896974,2.964221390654435
95,95.0,57.0,62.247065972222224,8.057864583333332,3105.0899889642374,392.2818244651482,399.57848873896404,9.805688980806327,1.6359563399036958,288.89025450424384,289.4150098565743,289.10253539874395,299.9145958964394,299.91328847690653,299.8007636236497,300.67383209876544,563.7235369005127,563.3242695864521,548.175035249082,466.785141816607,469.5107068762525,463.0815516377211,458.57787834196006,299.92505819444443,299.8613891358025,299.93719330246915,299.93534706790126,299.9375142901235,299.88100989197534,299.89632484567903,638.2831414106823,653.2201770882382,708.2916921145386,467.8221830972539,571.3227243559172,572.2673292661858,522.9020195859882,65.8549694781058,1.3844794532013203,47.5665921410606,65.71003853060469,1.8277766706223444,65.95587933103887,1.4973100520913656
96,96.0,57.0,57.54752499999999,12.808441666666667,2888.141297878224,504.87591263922565,398.63960383454724,9.5670099907802,1.6832087862349365,288.8415553110483,290.86650304110594,294.8238588453059,299.84912935517764,299.89277504019554,306.31783957175924,299.62653530555554,474.1369008069469,486.5365660857361,478.7004904349373,415.02011813474115,424.14094938395846,429.8058848811263,421.52718703207233,299.92505819444443,299.8613891358025,299.93719330246915,299.93534706790126,299.9375142901235,299.88100989197534,299.89632484567903,638.2831414106823,653.2201770882382,708.2916921145386,467.8221830972539,571.3227243559172,572.2673292661858,522.9020195859882,65.2716483491099,1.8266630659541891,35.73272464181243,64.88441313319187,2.534696972125354,64.77549553171897,2.544836117110258
97,97.0,57.0,55.852916666666665,14.522187500000001,2473.524775948855,493.15883094244646,399.01193381842654,9.713613752218365,1.661517152512203,293.60809643101555,288.8304899982464,294.496581157609,299.798592163097,299.81125195349165,301.7846291570216,299.8172528771219,440.7382633321651,483.5508906271743,452.8266524536528,394.50332494478795,405.14969271103865,421.81969899797576,397.15857674565655,299.92505819444443,299.8613891358025,299.93719330246915,299.93534706790126,299.9375142901235,299.88100989197534,299.89632484567903,638.2831414106823,653.2201770882382,708.2916921145386,467.8221830972539,571.3227243559172,572.2673292661858,522.9020195859882,64.98071470314163,2.004986412243884,32.409553653991274,64.52641200072627,2.953059390591231,65.14127604166667,2.2273086902700703
98,98.0,57.0,57.11078333333333,13.153366666666669,2008.9478111235971,448.44462196659174,400.0032519821993,9.511296543771453,1.6784070829050162,242.70693871639617,238.8544752388077,243.31107878941418,299.4441907220617,300.2916989439234,255.89588828240738,256.36263726851854,713.754690257822,705.274749317707,727.2140506949245,426.1805439204768,441.7638495904208,458.6995599235574,432.0052045227385,299.92505819444443,299.8613891358025,299.93719330246915,299.93534706790126,299.9375142901235,299.88100989197534,299.89632484567903,638.2831414106823,653.2201770882382,708.2916921145386,467.8221830972539,571.3227243559172,572.2673292661858,522.9020195859882,65.59362606103196,1.4648280282909572,44.779062657314995,65.37981106780008,1.9773049435860255,65.22624774128893,2.3179632946887314
99,99.0,57.0,53.45842479674796,17.55677845528455,3480.918732023641,559.8428103087282,400.0790875118634,9.99477738386687,1.7029390832151805,296.621762909327,296.35008677532545,298.80534411545096,299.99745671901536,299.60223128068037,308.5583926377597,308.594352512421,454.5372531786477,470.96239810325795,484.06692505505856,394.57529860048925,391.42966915087356,400.48952069513865,394.2138098909772,299.92505819444443,299.8613891358025,299.93719330246915,299.93534706790126,299.9375142901235,299.88100989197534,299.89632484567903,638.2831414106823,653.2201770882382,708.2916921145386,467.8221830972539,571.3227243559172,572.2673292661858,522.9020195859882,65.10141510832706,1.9541895655794042,33.31376661456327,64.70576405299032,2.480498718330388,64.64169289934095,2.8580593387431423
