cluster,row_count,row_count_proportion,FLOTATION_COLUMN_01_AIR_FLOW_mean_historical_actuals,FLOTATION_COLUMN_02_AIR_FLOW_mean_historical_actuals,FLOTATION_COLUMN_03_AIR_FLOW_mean_historical_actuals,FLOTATION_COLUMN_04_AIR_FLOW_mean_historical_actuals,FLOTATION_COLUMN_05_AIR_FLOW_mean_historical_actuals,FLOTATION_COLUMN_06_AIR_FLOW_mean_historical_actuals,FLOTATION_COLUMN_07_AIR_FLOW_mean_historical_actuals,FLOTATION_COLUMN_01_LEVEL_mean_historical_actuals,FLOTATION_COLUMN_02_LEVEL_mean_historical_actuals,FLOTATION_COLUMN_03_LEVEL_mean_historical_actuals,FLOTATION_COLUMN_04_LEVEL_mean_historical_actuals,FLOTATION_COLUMN_05_LEVEL_mean_historical_actuals,FLOTATION_COLUMN_06_LEVEL_mean_historical_actuals,FLOTATION_COLUMN_07_LEVEL_mean_historical_actuals,IRON_FEED_PERC_mean_historical_actuals,SILICA_FEED_PERC_mean_historical_actuals,STARCH_FLOW_mean_historical_actuals,AMINA_FLOW_mean_historical_actuals,ORE_PULP_FLOW_mean_historical_actuals,ORE_PULP_PH_mean_historical_actuals,ORE_PULP_DENSITY_mean_historical_actuals,IRON_CONCENTRATE_PERC_mean_historical_actuals,SILICA_CONCENTRATE_PERC_mean_historical_actuals
0,78,0.019150503314510188,291.63288514018603,297.4246148717369,298.022555642911,299.918554571046,299.9315113837564,298.07784635367204,298.1058700008903,484.1670500975635,478.585348645998,487.18580950232297,468.15059204638135,469.78664816641174,471.772684046974,468.3918058790346,57.85582264957265,11.83042735042735,3091.2609670017587,504.59295654942076,399.60290371307303,9.728899999536717,1.6804436815799868,65.23569177350429,2.14321622629448
1,15,0.003682789098944267,249.96051827160494,250.00052126543207,250.0601211728395,299.29964149367214,300.45218722228987,249.9480488271605,250.02263339506172,731.4204663644018,743.1789163423676,817.4219080621114,387.09596986459576,406.18290321759264,430.6265965074486,385.8527826504571,53.99844444444444,17.62827777777778,1908.54574176911,468.4507349903229,399.2875419289415,9.561751159876543,1.6579427593272207,65.07650950292398,2.102846890616312
2,44,0.01080284802356985,299.8206317065844,299.8660710106412,299.88849282074904,300.1183410210217,298.63114010348113,343.05546700862794,337.21736468977974,430.1007181797427,496.9291940958856,464.32336790531576,354.8184644858833,353.19482683576115,366.0774594421273,350.64622783229646,52.69468749999999,19.560435606060608,3152.334796956299,537.3091837334215,399.531623306314,9.754891579711293,1.7001485652472892,64.18695228918111,3.0666317691772638
3,48,0.011784925116621655,268.8842578476543,272.7599869845665,272.81979755250654,299.7944360251649,299.76926498219,284.9924910811773,285.8747368561921,588.2949483913616,586.2329282580758,590.9091217602388,421.55053235559086,422.5548606425851,436.85287758556757,436.3311128000546,56.40638888888889,14.568446180555554,2076.898600247467,487.2177740262435,400.0828952988333,9.65265125679977,1.69408352597874,64.56511284722222,2.9878371239781614
4,96,0.02356985023324331,299.92504215615355,298.3731129870756,299.93014651572145,299.9244577678916,299.9454525390625,299.8972563054591,299.90009542100694,610.9139253314205,601.7958716156149,624.4639050904586,495.22576750570005,500.5459122215112,500.64550389908754,497.88323667897754,63.40313802083333,6.877434895833333,2783.033847923965,409.54664650845433,400.23742101108314,9.909702047501929,1.6350294482952394,66.02465277777777,1.4624175347222221
5,55,0.013503560029462312,297.77753732462736,297.7867758298698,297.65291315392653,299.9190899431878,299.9415140996648,297.56236937646156,297.7410489814815,448.36268240592096,444.24087146520986,451.4064287228485,437.5039554488876,442.0175493017272,442.20637543805015,438.7989953202261,57.0591893939394,13.39090909090909,3135.7713987403386,519.8740041489351,400.22428042145754,9.681011559974747,1.6729767464428704,65.25644696969697,2.220462121212121
6,258,0.0633439725018414,250.60721896921294,250.60746144722492,250.6108760626694,299.9303635824899,299.92151290419537,299.9097081803318,299.8683774999335,453.7359277126947,453.2456662776823,447.929411983884,350.9034662926059,353.31557871848844,351.7272211999375,350.6055951063543,58.54916020671834,12.786043281653747,3297.37013375446,484.9174481727986,400.1441474622175,9.813244624174562,1.6708327160942988,64.62587073722699,3.048801025601207
7,247,0.06064326049594893,299.7671284759709,299.7700137839256,299.764972972897,299.9224254423452,299.9265989536475,299.80017538705204,299.7599162365047,409.2763364228628,406.52582447261966,413.8816804450005,399.195394142932,401.4409356115539,405.3964133089297,401.5381414220211,55.85103576248313,15.540769230769232,3131.41075625287,509.41383965954844,400.1546503590607,9.813907840846221,1.6706237360151088,65.46216346153847,1.922531920441419
8,25,0.006137981831573778,299.9401913888889,299.7925199074074,297.49745857407413,299.94701538425926,299.93536271296296,299.89722278703704,299.9803969259259,452.16211420370365,455.5497727777778,645.6933907096151,348.9430306296297,350.2809034722222,354.4434518240741,346.83345267592597,55.039300000000004,16.30305,2234.4116916927246,528.6056533629348,399.10817967567806,9.5943228775,1.7218062135711258,64.07278370891447,3.125917195347609
9,22,0.005401424011784925,298.6569173085017,298.661880608165,298.78165204124576,299.4668674367445,299.66781452320697,346.64241327861953,312.67056582859846,517.0888258101852,540.4222787510522,493.2222875550646,370.2246379945286,376.1700534269938,446.1703023278613,364.1726606726943,53.6890340909091,17.74477272727273,3035.692601197088,534.7311276368258,396.2233675250595,9.491879031144782,1.7045579224931628,63.94201688780143,2.9862831491945014
10,14,0.003437269825681316,239.37358671614055,239.26468361136975,239.3654388837161,299.29964149367214,300.45218722228987,250.1150784157836,250.04767921904096,661.2996639964088,712.9708591777696,650.8229785853766,419.377506924148,450.9608283201797,458.31633145367783,417.2947726290812,56.91446428571429,13.289642857142857,1889.5492599205625,420.7964636385639,399.87072359778864,9.511397817077903,1.67263316615319,65.94452380952382,1.5636904761904762
11,48,0.011784925116621655,190.5026496776638,193.17457570710326,193.34331160664792,299.29964149367214,300.45218722228987,250.05910859375,250.11233866705246,798.2551042060722,797.8161122607694,798.5122658225991,424.03469412289814,451.4486930989583,454.6551592158565,452.3607437282986,59.319895833333334,9.93546875,1952.0237830878702,538.5144163146219,399.85416082296484,9.474318604138483,1.7341811052276235,64.50724480128501,2.850863366612804
12,14,0.003437269825681316,290.7504697363035,285.326024158564,291.90009041914453,299.9398721833226,299.8222183345442,286.041161171382,295.54067497548357,577.618700936876,487.98144297908965,678.3648492824252,504.3740631442519,518.6957423584481,479.5681701355501,498.9157312409266,54.72610119047619,14.751904761904763,2616.2559220350727,412.7402403292843,400.24972916666667,9.98501968337135,1.6663044500896478,64.84372445143916,1.8441006617020634
13,16,0.003928308372207218,299.9270605758102,257.17531643518515,299.94141574074075,300.0465079650016,300.65595223690826,302.526641796875,261.59231025752314,548.8097218243635,543.0919560908565,556.477567802545,526.415818995949,523.5550560908565,524.4121107783565,524.0857424551505,48.81000000000001,25.310000000000002,4051.089443307895,462.80600370528026,400.24972916666667,10.086456341724537,1.689615132114161,65.292109375,1.9398958333333334
14,58,0.014240117849251166,251.9584735831737,251.89188404573756,252.07912575431033,299.6764946359834,299.8930936342593,252.39801812340357,253.50280304118772,399.96897354725417,402.529813763965,403.01290136095145,499.39468888489785,500.14717498802685,495.72029214160284,495.2139424429279,56.654762931034476,12.759159482758621,3396.4319271167005,495.63410123124197,400.2229637429988,9.914328136135058,1.6977822377767773,65.6766235632184,1.9558045977011493
15,22,0.005401424011784925,291.1317854166667,290.952267008628,291.52513593223904,299.8161436468115,299.8947213909933,287.287905976431,291.85701826599325,399.9575963173401,400.38030748632156,400.56225933291245,495.0882097222222,495.1345285774411,495.92029525462965,494.66307138573234,51.20068181818181,23.181420454545457,3231.51057868629,469.207742092803,400.04412429503367,9.893299633101853,1.6960908672664141,65.3169696969697,2.064412878787879
16,21,0.005155904738521974,299.9306843805115,299.8910310846561,299.9125102733686,300.26484056870794,298.86092353257135,338.54402611882716,338.82477305996474,645.136957244709,500.4865505621693,561.658951747134,362.7270354166667,342.96437435385843,354.1584534060847,348.03453344710846,48.81000000000001,25.31,3069.085076455762,474.2625944003528,400.2497291666667,9.677264556106701,1.6742115049603175,64.55299510985625,2.546954365079365
17,53,0.01301252148293641,250.05226964098534,250.11585060709294,250.05870483490565,299.29964149367214,300.45218722228987,250.06714532232704,250.03674627009082,545.0390475356751,520.9679121191285,548.8672612351456,514.0012317012471,529.4193020005393,541.4705006456304,530.4155294527428,58.0153537735849,11.998325471698113,3659.1788680474997,446.4385777705368,399.89802909455074,9.922408684224317,1.7263210172955974,65.76943789308176,2.4340448113207542
18,32,0.007856616744414437,283.9313498119213,281.41641917679397,283.39510456452547,299.9965335609362,300.12775734544624,297.5551390697338,297.3714314380787,511.28797712683377,449.2234496768904,449.04442101116894,351.98544607119095,358.16995107783566,355.0947789180662,353.7318535349151,57.36591145833333,12.982838541666666,2453.141647762208,534.6359317304538,399.70724926290757,9.791734880931713,1.6998216196835207,64.65238563877736,2.955337182816478
19,75,0.018413945494721334,250.07621541666668,249.83265905555555,250.07950384259257,299.29964149367214,300.45218722228987,250.10274462345677,250.07303887962965,796.5070580433539,787.0777109464111,798.4984700623572,398.42408281311117,405.1674076628601,434.90974913698955,404.99706052908357,55.71096666666667,15.001466666666666,1975.641088165088,476.71961042117783,400.0248043934677,9.446870513209877,1.7157162922920137,65.22070765911542,2.336222222222222
20,104,0.025534004419346917,250.07446330350783,250.0116988270121,249.983317835203,300.21799903992337,300.294479910041,250.49212698985045,250.46309870459402,612.0801789432038,595.3909726136017,602.5721623887108,390.5534063883736,402.14145541421834,405.0193067307692,402.88404011640847,53.744883814102565,16.95751201923077,1917.4304002514918,500.6409586908231,399.96822344361624,9.607973461004274,1.6920392091073149,64.14393576185861,3.5206121686715863
21,220,0.05401424011784925,297.91489868318604,298.7454999252946,298.72378262941913,299.9377534771651,299.93452227658486,299.8668051746633,299.8847406560396,459.0110834164623,461.2137917657034,465.5401671344455,349.69460875315656,349.85241315867006,352.8240183948863,351.2399762790591,58.91518939393939,12.379524621212122,2624.6859947668013,504.8114317728767,400.2976355621414,9.902525365025252,1.6820165391279365,64.88823083086646,2.4196354196046372
22,40,0.009820770930518046,249.89118157407407,249.86675246527778,249.89933042245372,299.29964149367214,300.45218722228987,250.03007448495367,250.01813353587963,494.9742597387059,490.43714206503665,494.1790327595548,469.2596971679225,478.12305415773454,494.63603538875276,487.68086236400467,59.12840625,10.35984375,3408.0037524134277,490.7234171363304,399.95813182517196,9.750765471643518,1.737528422971166,65.04155729166666,3.043578125
23,38,0.009329732383992144,296.78289845389986,283.8674414921791,297.8838617310019,299.95960871209104,299.5455879069148,286.41943089542343,288.602637100999,519.648314224355,509.83727026932587,579.7948578591679,408.2436160839557,413.750320839792,433.3433231623339,408.4991556014,54.80911184210527,17.32436403508772,2820.7403518622227,505.3727646386382,399.9194619590888,9.804821466616016,1.6751743335222606,64.83465137606923,2.4426225735959
24,21,0.005155904738521974,299.9226783344356,299.93652406305114,299.92607525903884,299.92512447641093,299.8955119323192,300.012495579806,299.86553832671956,537.439843584656,495.45501655092596,497.119216920194,427.6748079273584,486.6188625787616,495.61679359567904,484.7332913056658,56.848253968253964,12.923551587301588,2951.5328779576976,463.76044468694886,396.22336752505953,9.001825488266288,1.6934171686114265,65.1010119047619,2.221908686148516
25,25,0.006137981831573778,230.25322264814815,230.33562060648148,230.23070662499998,299.56369629873547,299.64563850126194,250.063095875,250.10871763425928,681.8899171617489,687.3790799700505,681.6408404339322,403.3370280358169,406.7883168332574,439.7349725657753,413.34073105846784,55.93036666666667,13.786416666666666,1915.236562886245,481.2711777488423,399.94279056815685,9.529883726018518,1.7014305711263324,64.59805322232502,2.4178335653016436
26,22,0.005401424011784925,239.97195848090058,250.40021449023595,243.72942700961406,299.73006268512364,299.93310842330317,269.7479681818183,286.9677949810606,641.515739672103,615.0123090106226,653.1545484127108,498.51255469457647,497.0684791955942,464.8319108794704,527.2624403035644,49.78390151515152,23.82681818181818,2770.7818781204464,420.9853239860004,397.9724826942081,9.79221971841275,1.6160391113013994,65.06442234848485,3.295558712121213
27,23,0.0056469432850478765,299.90719072061194,299.9394324577295,299.93601545893716,299.9257096115137,299.9256629227053,299.9221200583736,300.00742312801935,401.0771367954912,403.07737584061806,415.8118539402174,449.7502528834541,450.1860603613124,580.186937354066,576.688418699678,50.38940217391304,21.561684782608694,3107.8716663066198,518.0549823056205,400.20379073569615,9.7903707465781,1.6572479673366114,65.1251268115942,1.8665217391304347
28,21,0.005155904738521974,243.7965047674163,241.35987286155208,244.80694239969134,299.29964149367214,300.45218722228987,246.65208177910063,247.493321686186,762.2133724024455,734.3032755688434,768.9146109472085,482.9680393173537,538.8808894937721,446.25909749906793,516.93213721721,56.99238095238095,12.774007936507937,1319.4041042784586,380.5948523937546,400.2303454438575,9.335993142526455,1.6189866030878695,65.388770501423,1.8558423921016316
29,46,0.011293886570095753,296.8673634963768,292.2889331446256,297.2453601977657,299.91634150859016,299.9274057448355,297.74329139241144,297.562528800993,493.40691587028135,486.5525460521365,479.9534883720155,434.2663245623797,437.5410861554988,433.28273000907427,429.3559926518851,56.57257246376811,13.318586956521738,3339.1507057916756,499.00435497127734,399.4698012103321,9.95513237982578,1.6901646862701916,65.17871007457437,2.0324737808800184
30,17,0.004173827645470169,258.6714123959446,264.2733313336449,275.21370387102536,299.8039730325731,299.91690990513456,260.5307896786492,274.4439699891068,520.8483988216713,545.8252422493985,677.7702275820175,529.4063982136535,554.2026321821946,565.7939885224722,420.6508089289796,52.39397058823529,18.383995098039215,1499.305155896367,356.5422616231829,400.918222817076,9.329393663807188,1.5735580088601961,65.19605392156863,2.223406862745098
31,25,0.006137981831573778,299.94924237037037,299.93305356018516,299.93057944444445,299.4668674367445,299.60533933892725,349.70990262962965,318.14062428487654,583.9261263703703,503.1589304444444,430.6407830286169,396.2973411001593,398.41071073148146,407.21715363159376,355.7403154308642,54.3649,16.80695,2907.6000854846907,536.459614824074,396.2233675250594,9.582218909722222,1.7344171181481483,64.18203333333332,2.419298151571165
32,40,0.009820770930518046,299.46308250578704,297.7129343200232,299.28376116319447,300.0574778028953,299.63646663643317,317.74946785590276,311.4262577976466,440.17520247867935,429.64548647181084,438.60972050893344,372.7194139371604,375.66208563043176,378.13743226804274,376.69847181687544,56.3436875,14.321583333333333,2945.472314426303,512.7107506090812,398.80709752117707,9.582194435083666,1.6835751584562266,64.77213509385601,2.6581751980800528
33,30,0.007365578197888534,299.89478364631026,249.95288985642952,299.85499930187103,300.2108150508996,299.14178496089363,335.0670842244504,334.01570752305093,417.74237781413854,545.952095695721,420.16112865843695,355.03584677382776,353.3068283649174,354.43100795109535,357.0088697021261,57.459999999999994,10.8,2712.667670974945,492.33695453337106,400.24972916666667,10.160051914351852,1.6761830687702222,64.97782638888889,2.499419696036147
34,25,0.006137981831573778,260.13241545833336,299.72982489814814,299.8715382222222,299.89463224537036,299.88580727314815,300.05902491203705,299.88708049074074,507.713475395655,500.97498317868974,570.2161189307429,447.59535474675454,448.7397692965344,463.3584568355948,459.1980372906103,56.693099999999994,11.921383333333333,2914.740642438295,502.0512041586504,400.3354600441129,10.225022723055556,1.6683278041691212,65.01798333333333,2.2464083333333336
35,77,0.018904984041247238,248.4185424268288,248.3034141768258,248.41123889313795,299.29964149367214,300.36489839966777,250.05490078305334,250.03628274279774,611.2015912195799,599.391086812423,611.3589856016334,431.32171773931947,450.03198472595517,452.7211140297241,455.2788591659863,55.851006493506496,14.319296536796536,2009.6713728311604,465.69106516356885,399.8342620336303,9.633411124381116,1.7179297380831502,65.39409244023672,2.159255745241484
36,11,0.0027007120058924624,236.5320007129939,238.78816806150323,236.63783275032844,299.91853449074074,299.8949680555556,280.45050930523746,290.57727650894327,552.027705259497,533.9164996229084,517.6880206054204,449.54691460675343,377.30879594273597,466.9645366576928,374.5849984349226,52.62530303030303,20.219507575757575,2021.9401642650628,388.15281806929613,401.338354385748,9.407708205176768,1.5982082914260145,64.00295454545454,3.8634090909090912
37,42,0.010311809477043948,299.7924028237547,292.6245813865222,299.9211493992504,300.07484696585954,298.6336803187922,349.4378906801966,343.3599542410714,482.7866389438882,485.45197015143754,475.31773990725594,409.5654721344193,408.7715338759007,395.59815544609444,392.5461156048806,53.5896130952381,18.64139880952381,3067.9410134398277,504.15081861974494,399.2910716329507,9.79878978246252,1.693532508737278,64.53678746552534,2.8012216002905976
38,63,0.015467714215565921,298.8704429398148,298.87219670598176,298.8585222148736,299.9195285016167,299.8983327325838,298.8744882220018,298.8310853119488,405.703968465241,406.920256427363,407.25408281158144,447.3841673298795,447.86929707892415,425.26312003843645,448.1050027461222,51.12306216931217,21.01116402116402,3405.300583953382,554.8132834443567,400.6995406210261,10.006169399620731,1.695656999204995,65.04097222222222,2.3927314814814817
39,17,0.004173827645470169,297.14935835590893,253.10653809544408,300.52361374591504,300.26484056870794,298.3184928409091,342.16679942109386,346.2478506672113,661.5385908461463,638.1391039608019,683.4936287027466,531.1214476230019,535.0684387461203,465.1214218382646,518.7945869307323,57.459999999999994,10.8,2258.232760914169,467.9241041897969,400.24972916666667,9.96457869708319,1.6175150693435745,65.44,2.08
40,22,0.005401424011784925,292.4837846760551,292.83880261879045,293.7321638305096,299.4668674367445,299.60533933892725,315.617836032197,300.2074531683151,429.18846688312254,600.2857307303176,434.4520201931248,357.6692057083496,362.35765000798233,460.3699949436279,360.51371756682494,53.71931818181818,16.204242424242423,2413.6890256769784,495.46660609572865,396.2233675250595,9.430732858375421,1.6795007185595665,63.60884431860223,3.278111207477012
41,33,0.008102136017677388,299.90159493546577,299.9174334701178,299.9231155092593,299.4668674367445,299.6903121354409,349.43756302609427,310.40594279379445,538.0991226851853,553.2549513608305,539.9127746661682,353.5148332421437,356.36916096380475,488.80099508627944,356.19049619809203,52.78065656565657,20.194835858585858,3910.5406953993493,560.1855978956229,396.2233675250595,9.31837474256187,1.6967152438622335,64.43626102170427,2.746392657513858
42,18,0.00441934691873312,289.43431643518517,289.6108727173354,286.3663145833333,300.1070139646615,300.50027434105397,287.86878567386833,287.592583744856,558.0584605075624,501.184128227042,512.0654535108025,369.79176105855254,362.0864488811728,387.92951927726335,365.797694695216,56.15756944444445,14.079444444444444,2842.164978849139,487.9350711612654,397.6685427497351,9.69461527957819,1.6910468442597724,64.83150711777915,2.6180877523325106
43,26,0.006383501104836729,299.9339215633903,299.8528125896579,299.9090028655469,299.9978329033243,299.5428022831575,296.0136602786681,295.9982306445869,417.27971022718197,507.34152237783104,435.6756039831495,427.2656405906916,419.64026879273354,438.0717841228977,424.6307785978628,55.561875,15.340240384615385,3102.6322282876354,485.98998599001874,398.7266574057936,9.669468469765938,1.6887275760842744,65.35935897435897,1.845942183393709
44,29,0.007120058924625583,263.9086326438756,265.3637999258226,264.34338280833987,299.89688747444916,299.8611302126392,297.02195507148053,298.9351293763823,600.5507574537625,598.3194639232701,603.8489649161997,504.6755701325401,502.3877124789446,452.38893453649473,465.48116985197817,51.7176724137931,19.401939655172413,3252.144496414284,425.3616025404794,400.0753255690815,9.976981940794245,1.6704117276993133,65.44067528735631,1.59558908045977
45,13,0.0031917505524183647,284.87968583019267,271.89486966795926,287.0012705606977,299.96965189422195,299.62705124135124,280.95420142996085,285.2629057323905,625.7925306492979,363.49280630738764,707.5121053261329,604.5471749861176,605.051034049618,460.581785768349,604.4475952759492,55.486089743589744,13.400128205128206,1999.6019041589627,363.1815304380348,400.2497291666667,9.751712615459839,1.6132688543404667,65.20298076923078,1.2823076923076921
46,31,0.007611097471151486,299.926076859319,299.8436061379928,288.32669915621267,299.87356364799194,299.9161349537037,295.771458833632,299.8996321236559,523.4635829314573,500.722075683591,540.0534805379034,453.6118146430705,370.5752034348865,470.5794477673238,398.7935714307049,56.50495967741935,13.985967741935484,3513.0539378315566,474.90989028579264,396.2233675250595,9.735297221176822,1.6975679481034722,64.74243279569892,1.9544086021505376
47,14,0.003437269825681316,278.6307718419312,278.6019885251323,278.78460243055554,299.6764946359834,299.8930936342593,298.95487731481484,298.9647714781746,436.95773682208994,513.5051880652312,440.6598101557907,442.1916510912698,450.8125745866402,401.6158907986111,396.1278348710317,57.459999999999994,10.8,3853.5193934814315,553.3164029679234,400.191401044673,10.143279570436507,1.7127457156818569,64.70416666666667,2.6109226190476194
48,33,0.008102136017677388,250.0436845117845,250.0919086489899,250.0669294051627,299.91781469712873,299.9222705352133,299.95280462962967,299.9406095117845,465.8534378511653,462.6517037802002,368.65009134101786,351.62006983789684,352.87958297948757,355.7506923834994,351.64315839532384,60.223333333333336,10.919999999999998,2996.782402033174,438.2078686745314,400.7654865641059,9.613155273198128,1.6424997197710542,64.88766576863031,2.137260577197233
49,22,0.005401424011784925,253.77707811947565,250.02312488325762,255.72730600318843,299.84319029483413,299.7485608177376,277.2900835753367,278.3242984638047,527.0764871322689,620.6941218466208,546.5011214699484,402.59535959924693,406.82945707463386,414.4399508541474,403.74384018703967,57.5796590909091,11.723674242424243,3619.222688294262,524.055898566722,399.2943847625529,9.977243921735866,1.6862103599734994,65.10935606060606,2.156917297070704
50,36,0.00883869383746624,199.628760094134,195.62361132892977,199.70879250415112,299.29964149367214,300.45218722228987,250.0478643582819,250.08008049125516,835.7913525694335,797.0477870542541,841.8574710487906,475.58464589500335,484.0934743859311,506.59630465534985,470.83242926922907,59.95420138888888,10.003541666666667,1989.7259322605007,468.0851876645039,399.92210310502173,9.423124835492825,1.6577951370675592,65.14188657407408,2.8712152777777775
51,18,0.00441934691873312,289.7229721064815,290.2537519933128,289.81481788837453,299.8429520961934,299.7695598251029,299.6160107253086,300.00081225565845,593.998215470679,591.9061683577675,593.5039737782922,565.27439688786,564.5660575810185,446.62535036651235,516.4948638117284,53.742222222222225,16.123402777777777,3526.3145298545523,449.3210713605967,401.1489685245179,10.146339453832304,1.6586290387902944,65.25386574074075,1.9330024361612241
52,28,0.006874539651362632,299.89893332919974,299.4595463086971,299.92123768187827,299.96965189422195,299.8703347898703,333.40193757853837,349.0508115906085,505.3565498635913,501.8321521536045,514.4356969824736,491.39084934328946,507.50231917162694,496.38637336309523,472.9651470940807,54.016562500000006,17.048526785714284,3188.3785978505293,464.2276928116733,400.24972916666667,9.823066137318122,1.6912649543237435,64.9843005952381,1.9905357142857143
53,18,0.00441934691873312,247.88814527213344,257.12059083519745,267.42618976467395,299.4668674367445,299.60533933892725,269.0951967914095,296.2969857638889,569.6728988018184,643.3658483325419,643.1995146198836,429.30877071721136,490.55101229309264,484.78181138911975,459.47547703047763,51.45291666666667,21.526458333333334,1931.6638693572693,479.94655421971595,396.2233675250595,9.307616366454408,1.6071234530819778,63.03213699430218,4.02787037037037
54,58,0.014240117849251166,298.3287089000638,297.11918649824395,298.38458631864626,299.9613606302428,299.93849796114887,301.08176936063217,301.4986938218391,597.8428327251322,598.4531010853386,603.2963856251189,495.7882171286215,500.1833130272754,450.80520236103445,452.83710669255277,56.62601293103449,14.216077586206897,3141.1154739681365,455.6839246094221,400.02851672114053,10.09092249477171,1.6684695326128296,65.98252873563219,1.3822665229885058
55,157,0.03854652590228333,295.5167726810954,294.35936391737107,295.64074895729243,299.93135541513175,299.96006605137967,295.56459166224346,294.8603200364178,508.8640990111265,507.04636897821604,527.0123259411838,492.6229966654469,496.62863629939085,503.15385464032437,495.14117147385616,59.323067940552015,11.580010615711252,3348.2310350389303,507.7112136917442,399.6315274899817,9.785035676308695,1.6672800023501373,65.1617840431578,1.9589252880671157
56,8,0.001964154186103609,299.92079918981483,299.834948828125,299.90905439814816,300.26484056870794,298.3184928409091,310.4135987991898,310.5298915509259,580.1221974451299,499.49650361689817,611.1476118634259,356.6277864901146,336.4048869791667,352.42441964699077,346.6361160590278,48.81000000000001,25.310000000000002,2899.4150319988876,466.40589697564417,400.24972916666667,9.61339512181713,1.6830897035527344,64.60950033229315,2.382776791897512
57,15,0.003682789098944267,299.92505819444443,299.8613891358025,299.93719330246915,299.93534706790126,299.9375142901235,299.88100989197534,299.89632484567903,638.2831414106823,653.2201770882382,708.2916921145386,467.8221830972539,571.3227243559172,572.2673292661858,522.9020195859882,53.74125,16.2525,1625.4922431922678,436.17619471550927,400.5712930648099,9.691999400462963,1.618839748414821,64.80861111111112,1.603013888888889
58,36,0.00883869383746624,298.7199689925213,298.8431203227556,299.06353928462875,299.93541849424207,299.790332585787,295.86494418081276,296.5713975372943,466.320282623849,499.9521967638961,527.0718136981639,452.92191020037166,457.0452034605101,464.7507600831194,451.20475992645675,60.6997337962963,9.531793981481481,2826.1264836014325,497.46047508011605,399.3260161918736,9.696520500006777,1.665394662106605,64.84970801548776,2.4357980492628575
59,45,0.011048367296832801,245.2534148499178,245.1978502590121,245.2398466793256,299.47442954430505,299.4816748800304,250.04754037396256,250.07533383627032,647.0850830218096,649.5740373813552,644.353716847281,410.23623179620336,418.4493896250029,426.4840335802745,424.1240468234655,53.85863888888889,17.58250925925926,2010.810722355485,498.2395199680794,400.01645567684585,9.613983508459922,1.7259307772061139,64.64700052580282,2.6499916245437207
60,17,0.004173827645470169,252.05751007625275,242.96312736670424,251.9832260212418,299.85303217275424,299.85942303764773,253.29052069716775,253.46116706154686,537.1747906090075,490.0412869999065,546.2965805596405,443.3684679861828,444.50097943899783,447.5796247140523,444.6989951593137,57.94117647058823,11.38517156862745,3588.4814221789206,525.4386637391067,399.91951771514164,9.995112210375817,1.6918716483573353,65.89473039215687,1.5691666666666666
61,38,0.009329732383992144,297.47059518246516,257.74092385952827,298.41019499688844,299.93573260824076,299.89132217144817,299.7187315145835,299.6869007188109,456.4573860379216,474.46042873259603,481.63152415301766,364.51845089775793,367.9698937662699,379.43913471522205,363.55217423959095,61.86875,8.72733552631579,2968.9893232369764,493.0880076659549,399.9422137179549,9.81452484989952,1.6585277365217086,65.10405701754387,2.1093951070412675
62,14,0.003437269825681316,250.01937913359788,250.15561140873018,250.07969269179895,299.29964149367214,300.45218722228987,249.98632726521166,250.01394108796293,662.2858669526083,736.6799545781676,743.0173023775922,392.4013228979605,400.72529531249995,413.06703169251267,376.2948002013262,55.13488095238095,16.125089285714285,1886.1759386557928,498.77401926836126,398.9807682545411,9.575267081349207,1.6862507776989417,64.07014880952381,3.0706695246912004
63,34,0.008347655290940338,250.04377521786495,250.0364344362745,250.04935041530499,299.29964149367214,300.45218722228987,249.75495871459697,249.75386643518522,496.4617156387361,506.7432281921392,465.3886742102397,427.76385040678394,442.4079442606209,470.27551245234207,454.45915530024513,58.805563725490195,10.355870098039215,3114.5281682412874,461.4348884881289,400.7193506471449,9.268213015114378,1.668718411447325,65.7296568627451,2.1606985294117647
64,17,0.004173827645470169,249.92565744825708,249.8351923066449,250.0448723175381,299.29964149367214,299.44180483755986,250.0182173747277,250.02338408224404,622.1164686002179,611.1810917524084,622.555341095906,428.8253950500201,440.6641822303922,523.38240771378,521.7209191614146,54.454607843137254,16.753235294117648,1963.561276306827,512.7547512713152,399.93316828703706,9.757807404275598,1.733638315136962,64.94866421568628,2.713195214979199
65,20,0.004910385465259023,299.1492980629268,296.6284381166031,298.08159217013883,299.96360432236224,299.8899565680766,298.7786875554654,299.2272477604167,592.9747450758445,568.2950358705547,648.7938427803048,362.39894496712384,455.0478674365343,496.49618272547934,415.1108584976963,49.78570833333334,25.562270833333333,1329.0694822136863,453.34431466398763,400.95584722428094,9.81121615,1.6094060174292373,66.16414583333334,1.7111666666666667
66,21,0.005155904738521974,299.9116511684303,259.93715340608463,299.9100179563492,299.9286411155203,299.99634510582007,299.87384918430337,299.9308002425044,499.6573266859247,500.8045912628851,535.9031473083668,324.4486098291216,405.48231572042243,369.77485790835794,349.1603175944297,64.03,6.260000000000001,2251.4369683715026,483.1599022510345,399.32684469114827,9.84241186739418,1.6090512816892724,64.99470238095239,2.5749007936507935
67,58,0.014240117849251166,250.07002589000638,250.03330633381228,250.06710327266921,299.29964149367214,299.821266287897,250.03760737547893,250.03688550846104,685.9774388829023,687.0065245063491,685.3661050058281,437.6755329344165,449.26476497246165,452.4395328623882,456.2551217585581,54.18280890804598,17.040438218390804,1959.3857953645145,495.77843076961454,399.9569334630428,9.599139822238188,1.7430782022544076,64.89455459770114,2.5048563218390805
68,16,0.003928308372207218,299.9042533275463,299.5455462601273,291.6585045888526,299.9668512369792,299.93824642650463,299.98338736979167,299.9594507957176,485.7236972222222,481.37932120949074,739.1878045042359,345.89291454716437,349.34115975295305,360.0994546730324,340.5078731407422,47.98028645833333,25.862421875000003,3236.711093838467,560.511138527199,396.4510267770849,9.774579070457175,1.7085239348234955,64.2653049306785,3.6839456666688917
69,67,0.016449791308617727,298.6560570020053,266.1836995732029,299.6906528713676,299.93936622319353,299.8729089847121,300.36108512629795,300.0062346962577,400.8692419396419,462.888485899994,427.7093841032182,351.0927761960865,349.8774266802125,355.00238256809797,350.8561335298659,57.08639925373134,12.809235074626866,3303.669770545621,544.1900828459541,400.2163780746021,10.018900364340334,1.695613069884907,64.9472506673495,2.7056620124399298
70,51,0.012521482936410509,299.9024337554466,299.5372619394517,299.9287877496369,300.2491940367087,299.7550414037437,349.2609850399419,348.6737815883714,493.7089425831974,500.96292532950605,498.1471458650513,353.2259818759152,350.1459241648511,358.63839988425923,350.84361065877863,50.44868464052288,22.74169934640523,3482.639121135589,478.6797510813816,400.1707808991842,10.012100382637621,1.6956329768434866,65.27997320253229,1.9900302604860733
71,19,0.004664866191996072,299.9097408930312,299.7376131883528,299.9224763767056,299.96265273426684,299.8160235666801,281.1387721673977,328.43999223927875,518.8961942697428,506.4129926901776,608.0955002928554,436.84365080259266,518.2934143468025,494.26220806354974,428.8891066620159,53.165701754385964,18.16144736842105,3041.555708756325,471.41879263635116,400.24972916666667,9.958712008857018,1.693899547690122,64.92383771929825,1.8637390350877194
72,43,0.0105573287503069,226.50617733104093,226.49984049852267,226.6221946732343,299.76020220017784,299.8269556556015,249.84529554102068,249.99042188519195,718.3812330914548,724.2777156971212,716.4176193783491,410.37924097367704,436.0379256352724,474.8347252691756,423.0933604450947,57.2884011627907,12.126763565891473,1785.798821857956,443.784744210816,400.06109511067206,9.47464311173019,1.6682921775757014,64.80338922594548,2.3454418694505543
73,25,0.006137981831573778,299.9280425648148,299.83048143055555,299.91973818518517,300.26484056870794,298.3184928409091,252.12149427777777,252.09068978703704,447.4964331448148,500.66892329629627,491.73046538674345,454.8148658796297,449.8413893997957,486.3492408703704,486.084032087963,49.43155000000001,24.421100000000003,2788.5339913605712,457.7674762941599,400.24972916666667,9.730652637592593,1.6945396437253342,64.86996666666667,1.6275333333333333
74,37,0.009084213110729192,299.9225356106106,299.92011450513013,299.9307529967467,299.81147855635703,299.6436833559866,305.2784515233984,300.7090231265641,402.82362955142645,499.83013021020776,410.1643940721972,392.36849132882924,397.6944909002753,396.1313337525025,394.92553829454454,56.243209459459464,13.100371621621623,2806.367109967103,466.1173624155405,396.6586498646927,9.497084323135635,1.6459837865334996,64.74091216216216,2.223592342342342
75,48,0.011784925116621655,299.1489276861497,296.29609107349535,299.1388317756559,299.9363159803815,300.0810830857211,306.00752803819444,303.4221760223765,512.9553867651615,510.3981624469522,516.5839184481928,452.3697809598942,453.304226423535,432.29323729263115,429.34230271990737,56.350598958333336,15.378081597222222,3191.7594485257,448.55330782221154,400.14401657050513,10.006707658468363,1.6712822130792329,65.7103125,1.5976475694444445
76,32,0.007856616744414437,268.86880289975494,266.8154389491152,268.8561157175607,299.9256161275401,299.78321906875817,274.66797311517985,274.8465448814732,491.4455585895557,456.62326596226956,489.9337492078819,394.5687896111843,388.6344801353616,398.8722284323612,390.1125367514539,55.655208333333334,14.768580729166667,3386.057473653158,491.9080146783553,400.2358185378604,10.08209009801794,1.6836186446162666,65.61950520833334,1.8187109375000001
77,20,0.004910385465259023,250.22415758101852,299.9186550925926,299.91796430555553,299.92053004629634,299.9679329050926,299.8881754166667,300.4111670601852,504.0706400983796,521.9971792291676,526.8749302756362,393.36849744212964,391.3560290856482,456.53980283842594,456.8091208706019,57.459999999999994,10.8,3016.676844637365,469.3804415605629,399.9009894152019,10.430312229282407,1.6541060750488867,65.31999748961219,2.3773618421052602
78,17,0.004173827645470169,250.04231496459695,249.83367670887802,250.02809889705884,299.8908651279957,299.94377814542486,299.9493491966231,299.92829498910675,443.9779301650471,457.93088987608934,686.014609005407,352.12280497004355,348.3182055959419,354.14894076797384,351.6066638956972,64.03,6.26,3287.5053952815088,496.01694155092594,399.7695842660675,9.782414202478215,1.6906185919798475,64.61563699970971,2.7841720483890087
79,93,0.022833292413454456,296.236043142231,295.24332918372795,296.26692397806613,299.92838766282676,299.9077315852034,297.1525350358423,296.83525729540025,512.8649935641479,508.8454335385605,499.90756537901575,496.5366717404284,494.37693926932155,452.266277022811,453.8911626086992,53.53974462365591,18.397423835125448,3512.3478808642517,494.2944343842262,400.20913213427457,10.034352054323438,1.6961635264207264,65.52381048387097,1.7125313620071687
80,46,0.011293886570095753,299.92059659822866,299.8920604367955,299.9219235004026,299.4760581384234,299.6202790569072,342.72318260114736,304.292293862386,402.2487466686796,466.6872042305777,405.42716572061187,349.79956432457175,352.9089450382448,355.9464845159018,352.9971576690821,54.87290760869565,15.21836956521739,3106.5338927609073,533.0913587082326,396.2233675250595,9.34706060315384,1.6685930516304348,64.99989669364525,2.08719162242458
81,15,0.003682789098944267,299.9637860648148,299.95142043209876,299.93355354938274,299.9191821759259,299.9503261111111,299.88812125,299.86533274691357,450.4524351878746,507.7911825933454,444.7347448572637,505.3178011194063,439.33424328626387,481.2154971443841,445.3869440012631,58.25300000000001,10.577583333333333,3094.506762794138,420.5687046387745,396.84211378091896,9.371786444924394,1.6858260966034073,65.65886111111111,1.6142499999999997
82,22,0.005401424011784925,299.9347194128788,299.8933487742003,299.9257090172559,299.91780395622897,299.91253370159933,299.97231683501684,299.8882101641414,429.15209671590907,531.3824768910802,480.2441767241516,379.3999656886648,450.9575485578332,437.2908589975211,430.1726873235662,59.78013257575758,9.0325,2902.9301457000147,498.69493187799804,397.373728480469,9.17218317077169,1.6882198482752548,65.32765151515152,1.9521401515151515
83,42,0.010311809477043948,296.1853979988848,280.0961361603534,296.55612353131517,299.9604697748926,299.8698549295595,303.21715418399975,302.47401037106937,550.1870523638581,559.1935596104458,567.2615545466323,467.9937043238918,474.7387099210576,451.59119551674337,452.4973040148229,56.48553571428571,14.908859126984128,3082.524815081494,473.8917178359878,400.03089487986864,9.996387929146628,1.6675145294611544,65.59737430192202,1.851197176197522
84,13,0.0031917505524183647,294.62422899284206,288.97936976890674,295.3373110702671,299.9302220734927,299.8051272041616,292.7594834545334,294.45870268536953,599.4201086410495,410.3729366820649,714.7906024243198,551.76277570715,565.0553507239734,455.4907721919729,560.1344615664318,55.09291666666666,14.071282051282052,2445.291625775219,408.14404494671777,400.2497291666667,9.805900280320445,1.6316794486686181,64.98840308546416,1.6839227921985471
85,17,0.004173827645470169,299.94350750953157,299.51443693491285,299.90974072712424,299.95256608796296,299.87499409722227,300.01068478349674,299.91149726988016,567.5398593823454,665.6011990751986,554.1701424395279,488.8733186787998,466.98586452084845,457.1278101258491,479.440832433454,49.07955882352941,24.579264705882352,3369.7421009312156,547.931472074086,400.8639644440057,10.513185549853235,1.6906787166304196,65.6576225490196,1.8483823529411765
86,47,0.011539405843358703,299.72218457939323,299.74653616282507,299.111887534476,300.0746137229132,300.02981292784017,311.99043091016546,301.7922426143453,409.15987965117824,409.48972556217274,413.4816181363228,353.6250611377964,353.930909734535,357.28014407013393,354.7828839558707,54.137907801418436,17.365718085106383,2576.151085252831,541.9148696480114,398.6318309871034,9.487519376920838,1.6786142893902043,63.810827650189616,3.554192493175499
87,83,0.020378099680824945,299.9449689368585,251.86973137410757,299.9472412078871,299.9321909534539,299.88620301126224,301.6277136086011,301.57518470548865,611.5440153389878,602.8068564027989,618.4880382990076,498.3238256764158,496.9002072611804,499.25088008245206,496.42580226380863,63.79253012048193,6.4240963855421676,2768.300469661477,444.5081747849701,400.1306191495557,9.822751234716645,1.6541335108613457,65.8281124497992,1.5851104417670683
88,15,0.003682789098944267,231.10311708333361,233.62953913580276,230.9767737345682,299.91853449074074,299.8949680555556,272.36586390432126,285.1686495947969,593.1756256596472,572.6824671644895,591.3081327761349,500.5520918065517,392.73389219308484,526.2556286868868,390.05208367526296,52.61,20.24,1564.9019937578128,356.3756153133663,401.979617854084,9.224076498964116,1.5660658187193148,63.46866666666667,4.401166666666667
89,16,0.003928308372207218,297.29736139850536,276.50334710447896,298.2399782326743,300.1776927426858,299.55565813460595,329.1345470341435,325.0926604311343,531.9769799630881,535.2127302913377,536.7248260557808,428.12170151240804,425.42889158184215,410.7808729785972,423.03964548438057,53.16,18.214583333333334,2852.2473625910598,474.9948964319758,400.2997547279544,10.007989014612269,1.6779481851733145,65.54940104166667,1.8372656250000001
90,26,0.006383501104836729,284.5762161769943,284.3958586850071,282.64050780643265,299.9334456713695,299.94294646990744,299.9365806089744,299.9662691239316,444.40111820245727,449.3930413506054,560.5690912993473,349.850766559401,349.8116259081197,354.6326889066952,345.2432045227921,56.68764423076924,15.053301282051281,2708.4811487315046,521.3707592013889,398.7710206680335,9.719351673700142,1.7085116810007124,64.59201717175226,2.75901694907532
91,11,0.0027007120058924624,236.21160654431472,234.24778424862015,236.38559288720538,299.29964149367214,300.45218722228987,249.19705664562295,249.3870448895557,701.2548256600389,663.2555602777121,708.2674361774376,479.1079526000509,506.8345974642256,444.7056902192166,500.2834704666322,57.19973484848485,12.464810606060608,1907.3047549778303,449.66184873417495,400.1370842283461,9.451093065867003,1.658842061047178,65.36655303030304,2.2415151515151517
92,36,0.00883869383746624,292.22532695330364,292.00450808345477,292.2926303008545,299.9285662233304,299.91253766433164,299.5146084815815,299.637522146312,510.45772997561994,532.3172619918089,527.3879747548875,351.3141748620106,351.45475790275873,360.0393530729256,351.5480180912643,54.55628472222222,17.410520833333333,3309.850614686175,488.6220438306401,397.3586205548922,10.043835020211763,1.7013891575214062,65.39113425925926,1.808877314814815
93,32,0.007856616744414437,299.90391969039354,299.8006523726852,299.91849490017364,300.21160879720685,298.5745544629892,277.5678436197917,277.63018951099536,514.3043974536046,494.3065765930844,622.6787671888248,364.7058094585364,350.00416075988005,363.17788136212386,354.60990838262165,48.91032552083334,24.947890625000003,3187.0226904822975,477.3650043663211,399.9946006193508,9.911911455295138,1.7017513656008803,64.67977084433217,2.328705270538763
94,52,0.012767002209673459,293.8853491722658,295.66545099569464,298.7448693961703,299.91874242745985,300.0249223955771,303.3623420009287,302.7514740050748,502.52834614044764,510.1608127335288,507.95548474460946,396.1677214139,397.8976720311142,404.24950754958485,397.78024878794247,53.170929487179485,19.18121794871795,2648.313832390021,477.3296471548846,400.08120392658424,9.885334137324332,1.6884857421146415,65.48479445059392,2.1177926531328852
95,21,0.005155904738521974,299.92139818121694,299.88241633597886,299.9316875330688,299.9219733410494,299.9049656139771,299.9161753858025,299.8960305555555,403.0830332782187,404.73558279320986,411.0968395134787,447.8432446042769,449.01649775132273,510.85076155753967,510.55826714065256,50.03886904761905,22.253373015873017,3526.2361222575205,530.2497905817798,400.27829020320706,10.0332452454806,1.6852281969569478,65.42373015873015,1.8770634920634919
96,21,0.005155904738521974,291.31165520437014,292.69113720644225,295.33859384647644,299.8842400353207,299.92742986928005,281.8916755491556,294.63196056547616,501.15575261622354,510.6849983427589,575.7818810859396,495.1273903796497,468.7219258758355,510.59381759658754,434.8873856943911,57.80928571428572,11.295039682539683,2616.136068261514,417.7452612591123,397.5571996819409,9.417438021935627,1.668375081414247,65.29156746031747,1.7939087301587302
97,32,0.007856616744414437,299.9479205150463,295.86709448061345,299.8851482586911,299.9377515010179,299.8946436906118,310.223472301794,301.5639179374035,471.284886116904,466.9819707539073,447.7354231935575,398.5077646393459,396.3825366754272,418.167634975634,396.20499380136704,55.164375,15.761940104166667,3031.372606732289,514.5399604529848,398.0677980377428,9.36626708575807,1.6848423715807133,64.65284505208334,2.682223987215036
98,19,0.004664866191996072,297.57494716601803,268.31088162366643,299.0928518037912,299.9073385993054,299.81641547335914,287.4465716793767,299.36848463988036,626.16880765469,558.4156880743403,654.2829324943658,445.3910130713515,469.53013136835733,510.58844028318845,448.46891836412635,63.53028508771929,6.755460526315789,2318.2886901653064,375.91461000679095,400.3377519514468,9.66569411940422,1.5993882199693725,64.93894736842105,2.034188596491228
99,12,0.0029462312791554137,253.9534670621142,253.95884217785496,254.07655149498456,299.6764946359834,299.8930936342593,280.00019032600306,280.00311039737653,406.63155403163586,481.6071352613822,406.2993516975309,483.6886337673611,489.30648240740743,441.71802048611113,439.710080941358,57.46,10.800000000000002,3844.7913740665513,533.3534512056327,400.30830796786694,10.11428489052855,1.7022311549508238,65.1377572141316,2.445378284404375
